observed_at,tx_hash,victim,lookalike,matched_recipient,matched_prefix,matched_suffix,score_total,score_address,score_type,score_token,detector_latency_ms,message_channel_accept_ms,message_send_latency_ms,http_status,accepted,message_id,subscription_trace
2026-06-19T03:15:00.88699113Z,0x86eb88d7c0f34cc67187cfbda9ed16a77174437b3d691ecd0b621d6268d9e0b0,0a9100ff165d3dab0c6172a7a2ad06b2e7ca09a0,1b8de2a8144bd40166ba49fc404e94582d28ffcc,1b8c88169b885eef9eb4ff37b2b44e3ba5c7332a,3,0,0.9016041065286885,0.25,1,0.4,0.022856,830.9847510000001,814.423879,200,true,6,0xd3537137c38273cb402dc539f9cad87316712dd8
2026-06-19T03:17:45.399585133Z,0x2fe116737eaee023a9f746d37afc0648a9e8a3e77de31a32c0fd1955b5e801f5,3563015e9f5694afe5d8cd86233f77557da704cc,eab84bff986cc01dc9a86cfbc92c6ac2fbc40351,eab34f80284599e9229355f4de40ae5384c40351,3,6,0.9983377771861855,0.75,0.25,0.7,0.029125,983.486129,966.394067,200,true,7,0xd3537137c38273cb402dc539f9cad87316712dd8
2026-06-19T03:20:38.755405425Z,0x64a14baa1caafd12e3b090f9be85af2a8cd7677a11845b03fd44757746e2f54d,ffe15ff598e719d29dfe5e1d60be1a5521a779ae,ee1bf4d7c53af2beafc7dc1dcea222a8c6d87ad9,ee1b7e2dd825c1fce9080537d596a04003767ad9,4,4,0.9952066654378982,0.6666666666666666,0.25,0.7,0.01333,783.795974,768.518692,200,true,8,0xd3537137c38273cb402dc539f9cad87316712dd8
2026-06-19T03:28:40.828904045Z,0x1d5c426d80cd22a784a391bae5062a0acb2be4629e6276f2137b028dd0f36fd2,b51bf9029d778899d42e96ebcdc0498bd061006d,1dbd062cbde5c4072ba490b5e36b773b8602333e,192a4ea92281f83eebeba2451300a19da602333e,1,7,0.9862586929566387,0.5833333333333334,0.25,0.7,0.041548,773.513778,758.641433,200,true,9,0xd3537137c38273cb402dc539f9cad87316712dd8
2026-06-19T03:29:38.871440702Z,0x1d5c426d80cd22a784a391bae5062a0acb2be4629e6276f2137b028dd0f36fd2,b51bf9029d778899d42e96ebcdc0498bd061006d,1dbd062cbde5c4072ba490b5e36b773b8602333e,192a4ea92281f83eebeba2451300a19da602333e,1,7,0.9862586929566387,0.5833333333333334,0.25,0.7,0.025283,462.247303,446.26541,200,true,10,0xd3537137c38273cb402dc539f9cad87316712dd8
2026-06-19T03:34:02.697572455Z,0x1d5c426d80cd22a784a391bae5062a0acb2be4629e6276f2137b028dd0f36fd2,b51bf9029d778899d42e96ebcdc0498bd061006d,1dbd062cbde5c4072ba490b5e36b773b8602333e,192a4ea92281f83eebeba2451300a19da602333e,1,7,0.9862586929566387,0.5833333333333334,0.25,0.7,0.021804,795.099521,783.8483590000001,200,true,11,0xd3537137c38273cb402dc539f9cad87316712dd8
2026-06-19T03:37:37.326417057Z,0xb3c5842be9fe4dfe1b693d5f3f704dd09c38027cfe2745f287bd8858f1b7231d,5b8d2b4acbc8021f38f63ae67b6dd24b4dfca066,d0e8a002c6bd3b5e58e364a0e3d20b85a705a1ef,d0e83490a55e671b3cf39cd027f0f9035ec5a1ef,4,5,0.9983377771861855,0.75,0.25,0.7,0.0291,811.038324,779.148606,200,true,12,0xd3537137c38273cb402dc539f9cad87316712dd8
2026-06-19T03:39:27.069872141Z,0xd785c8f108f55740554e9b04dea3456d74ceb261f2371e8bb891b1cd65d55eaf,55fe002aeff02f77364de339a1292923a15844b8,158c128bcedc623031838c9470db284223fca92a,96a00e9374099a56a8a49975a09e5090cb3e892a,0,3,0.9016041065286885,0.25,1,0.4,0.026197,845.464192,829.433984,200,true,13,0xd3537137c38273cb402dc539f9cad87316712dd8
2026-06-19T03:52:15.110231757Z,0x1d5c426d80cd22a784a391bae5062a0acb2be4629e6276f2137b028dd0f36fd2,b51bf9029d778899d42e96ebcdc0498bd061006d,1dbd062cbde5c4072ba490b5e36b773b8602333e,192a4ea92281f83eebeba2451300a19da602333e,1,7,0.9862586929566387,0.5833333333333334,0.25,0.7,0.030746,809.334519,795.031012,200,true,14,0xd3537137c38273cb402dc539f9cad87316712dd8
2026-06-19T03:56:14.345623414Z,0xb3c5842be9fe4dfe1b693d5f3f704dd09c38027cfe2745f287bd8858f1b7231d,5b8d2b4acbc8021f38f63ae67b6dd24b4dfca066,d0e8a002c6bd3b5e58e364a0e3d20b85a705a1ef,d0e83490a55e671b3cf39cd027f0f9035ec5a1ef,4,5,0.9983377771861855,0.75,0.25,0.7,0.022002,782.402846,767.608705,200,true,15,0xd3537137c38273cb402dc539f9cad87316712dd8
2026-06-19T03:57:03.244533733Z,0x8738a3201c58828a6d10aa7f610af140f640d58d371cea4ecbb71a7c127ed788,55fe002aeff02f77364de339a1292923a15844b8,158c128bcedc623031838c9470db284223fca92a,96a00e9374099a56a8a49975a09e5090cb3e892a,0,3,0.9016041065286885,0.25,1,0.4,0.014793,403.30568100000005,388.46952699999997,200,true,16,0xd3537137c38273cb402dc539f9cad87316712dd8
2026-06-19T04:01:46.293928743Z,0x7fc0fc8e58a17df51493552280b96ed89e68cd02010d2057123620507378d67b,bc8744370bcb6d5abf5de8b4086ecfbb4c5629c3,00005ea00ac477b1030ce78506496e8c2de24bf5,000273cf6b0ae67e9ae80473cad11c7c1c481908,3,0,0.9016041065286885,0.25,1,0.4,0.02574,808.6208799999999,788.922841,200,true,17,0xd3537137c38273cb402dc539f9cad87316712dd8
2026-06-19T04:02:02.833793534Z,0x1d5c426d80cd22a784a391bae5062a0acb2be4629e6276f2137b028dd0f36fd2,b51bf9029d778899d42e96ebcdc0498bd061006d,1dbd062cbde5c4072ba490b5e36b773b8602333e,192a4ea92281f83eebeba2451300a19da602333e,1,7,0.9862586929566387,0.5833333333333334,0.25,0.7,0.030517,424.30993,410.41733899999997,200,true,18,0xd3537137c38273cb402dc539f9cad87316712dd8
2026-06-19T04:30:27.612814278Z,0x375c756407cccd33336cb418a8bf465d1837e89003bd3dc6236cdb8100ee4dd9,5b6ec8d7baea094058b49126a03f2a4ff18a64d5,1eabfd0e3ec6e8c456f4456df10d5a914caf65ab,1eabf96b8e7d9bbf0000849a71cfbba14caf65ab,5,9,0.9130180201323209,0.9166666666666666,0.25,0.4,0.024639,800.805473,787.509383,200,true,19,0xd3537137c38273cb402dc539f9cad87316712dd8
2026-06-19T04:33:14.10329381Z,0xb3c5842be9fe4dfe1b693d5f3f704dd09c38027cfe2745f287bd8858f1b7231d,5b8d2b4acbc8021f38f63ae67b6dd24b4dfca066,d0e8a002c6bd3b5e58e364a0e3d20b85a705a1ef,d0e83490a55e671b3cf39cd027f0f9035ec5a1ef,4,5,0.9983377771861855,0.75,0.25,0.7,0.02877,797.472993,781.589379,200,true,20,0xd3537137c38273cb402dc539f9cad87316712dd8
2026-06-19T04:41:14.484009847Z,0x1d5c426d80cd22a784a391bae5062a0acb2be4629e6276f2137b028dd0f36fd2,b51bf9029d778899d42e96ebcdc0498bd061006d,1dbd062cbde5c4072ba490b5e36b773b8602333e,192a4ea92281f83eebeba2451300a19da602333e,1,7,0.9862586929566387,0.5833333333333334,0.25,0.7,0.029968,889.339777,872.300332,200,true,21,0xd3537137c38273cb402dc539f9cad87316712dd8
2026-06-19T04:44:50.645192512Z,0x1d5c426d80cd22a784a391bae5062a0acb2be4629e6276f2137b028dd0f36fd2,b51bf9029d778899d42e96ebcdc0498bd061006d,1dbd062cbde5c4072ba490b5e36b773b8602333e,192a4ea92281f83eebeba2451300a19da602333e,1,7,0.9862586929566387,0.5833333333333334,0.25,0.7,0.03202,824.013757,810.267835,200,true,22,0xd3537137c38273cb402dc539f9cad87316712dd8
2026-06-19T04:47:14.077234346Z,0x1d5c426d80cd22a784a391bae5062a0acb2be4629e6276f2137b028dd0f36fd2,b51bf9029d778899d42e96ebcdc0498bd061006d,1dbd062cbde5c4072ba490b5e36b773b8602333e,192a4ea92281f83eebeba2451300a19da602333e,1,7,0.9862586929566387,0.5833333333333334,0.25,0.7,0.034866,765.3089749999999,749.424585,200,true,23,0xd3537137c38273cb402dc539f9cad87316712dd8
2026-06-19T04:47:25.135208723Z,0x63b73c36edcdeb70f8ab8ce08754358e896c97766ca6acc3e6763ad3526a852d,a29e963992597b21bcdcaa969d571984869c4ff5,2bed178c32d7ff901adc03208718a5f96e94ff3d,2cfd65e311db9ef55858e498d637987d5e94ff3d,1,7,0.9862586929566387,0.5833333333333334,0.25,0.7,0.019019,393.24821199999997,377.779181,200,true,24,0xd3537137c38273cb402dc539f9cad87316712dd8
2026-06-19T04:47:42.997558861Z,0x10f93c3b1500b7776376dbe2bbfae637fea5a8b9fcc08f90510759c2c51b8566,3563015e9f5694afe5d8cd86233f77557da704cc,eab84bff986cc01dc9a86cfbc92c6ac2fbc40351,eab34f80284599e9229355f4de40ae5384c40351,3,6,0.9983377771861855,0.75,0.25,0.7,0.024208,392.533995,377.16956200000004,200,true,25,0xd3537137c38273cb402dc539f9cad87316712dd8
2026-06-19T04:52:13.905403238Z,0x1d5c426d80cd22a784a391bae5062a0acb2be4629e6276f2137b028dd0f36fd2,b51bf9029d778899d42e96ebcdc0498bd061006d,1dbd062cbde5c4072ba490b5e36b773b8602333e,192a4ea92281f83eebeba2451300a19da602333e,1,7,0.9862586929566387,0.5833333333333334,0.25,0.7,0.03125,822.365939,808.301676,200,true,26,0xd3537137c38273cb402dc539f9cad87316712dd8
2026-06-19T04:52:45.368127067Z,0x2d8af3d6e7a744c4141105da875262d76ad9ed54c2c0b551380251f4b3f301b0,3563015e9f5694afe5d8cd86233f77557da704cc,eab84bff986cc01dc9a86cfbc92c6ac2fbc40351,eab34f80284599e9229355f4de40ae5384c40351,3,6,0.9983377771861855,0.75,0.25,0.7,0.019467,390.297762,375.48718399999996,200,true,27,0xd3537137c38273cb402dc539f9cad87316712dd8
2026-06-19T04:56:02.185526034Z,0x1d5c426d80cd22a784a391bae5062a0acb2be4629e6276f2137b028dd0f36fd2,b51bf9029d778899d42e96ebcdc0498bd061006d,1dbd062cbde5c4072ba490b5e36b773b8602333e,192a4ea92281f83eebeba2451300a19da602333e,1,7,0.9862586929566387,0.5833333333333334,0.25,0.7,0.030404,821.007074,800.3357639999999,200,true,28,0xd3537137c38273cb402dc539f9cad87316712dd8
2026-06-19T04:56:27.685275249Z,0x1d5c426d80cd22a784a391bae5062a0acb2be4629e6276f2137b028dd0f36fd2,b51bf9029d778899d42e96ebcdc0498bd061006d,1dbd062cbde5c4072ba490b5e36b773b8602333e,192a4ea92281f83eebeba2451300a19da602333e,1,7,0.9862586929566387,0.5833333333333334,0.25,0.7,0.031498,461.27797,408.88398,200,true,29,0xd3537137c38273cb402dc539f9cad87316712dd8
2026-06-19T04:59:54.030603237Z,0x062bf704cdbc8dca12d9331176ec8adc49c17f920c3118d62e0e60c36b98bbe7,bc8744370bcb6d5abf5de8b4086ecfbb4c5629c3,00005ea00ac477b1030ce78506496e8c2de24bf5,000273cf6b0ae67e9ae80473cad11c7c1c481908,3,0,0.9016041065286885,0.25,1,0.4,0.023617,816.9160939999999,797.723262,200,true,30,0xd3537137c38273cb402dc539f9cad87316712dd8
2026-06-19T05:00:50.514441392Z,0x1d5c426d80cd22a784a391bae5062a0acb2be4629e6276f2137b028dd0f36fd2,b51bf9029d778899d42e96ebcdc0498bd061006d,1dbd062cbde5c4072ba490b5e36b773b8602333e,192a4ea92281f83eebeba2451300a19da602333e,1,7,0.9862586929566387,0.5833333333333334,0.25,0.7,0.03781,404.730345,387.166314,200,true,31,0xd3537137c38273cb402dc539f9cad87316712dd8
2026-06-19T05:05:39.070042469Z,0xb3c5842be9fe4dfe1b693d5f3f704dd09c38027cfe2745f287bd8858f1b7231d,5b8d2b4acbc8021f38f63ae67b6dd24b4dfca066,d0e8a002c6bd3b5e58e364a0e3d20b85a705a1ef,d0e83490a55e671b3cf39cd027f0f9035ec5a1ef,4,5,0.9983377771861855,0.75,0.25,0.7,0.023217,794.111103,780.732844,200,true,32,0xd3537137c38273cb402dc539f9cad87316712dd8
2026-06-19T05:09:14.781220433Z,0x1d5c426d80cd22a784a391bae5062a0acb2be4629e6276f2137b028dd0f36fd2,b51bf9029d778899d42e96ebcdc0498bd061006d,1dbd062cbde5c4072ba490b5e36b773b8602333e,192a4ea92281f83eebeba2451300a19da602333e,1,7,0.9862586929566387,0.5833333333333334,0.25,0.7,0.028077,772.936689,752.983924,200,true,33,0xd3537137c38273cb402dc539f9cad87316712dd8
2026-06-19T05:09:38.485994041Z,0x6d48d1837bb9a05e5761928eeb42bf31841091bf8abb77e89f32cbc547b52a70,aaaed9367e4faf7bccec56ad911587b8da08bda5,9a09f7498c364811d88dc75ff9f949acbdeef41c,9a0db53517823184305b2f12ea49b0c5c28ef41c,3,5,0.9952066654378982,0.6666666666666666,0.25,0.7,0.014364,408.82208599999996,394.373089,200,true,34,0xd3537137c38273cb402dc539f9cad87316712dd8
2026-06-19T05:10:06.154419959Z,0xc456be40dea1a4316e669b6ec91d6fae969e5dc67a10f9b866d1f1b4826c45d2,aaaed9367e4faf7bccec56ad911587b8da08bda5,9a09f7498c364811d88dc75ff9f949acbdeef41c,9a0db53517823184305b2f12ea49b0c5c28ef41c,3,5,0.9952066654378982,0.6666666666666666,0.25,0.7,0.027272,403.523615,389.084499,200,true,35,0xd3537137c38273cb402dc539f9cad87316712dd8
2026-06-19T05:19:40.072175421Z,0x1d5c426d80cd22a784a391bae5062a0acb2be4629e6276f2137b028dd0f36fd2,b51bf9029d778899d42e96ebcdc0498bd061006d,1dbd062cbde5c4072ba490b5e36b773b8602333e,192a4ea92281f83eebeba2451300a19da602333e,1,7,0.9862586929566387,0.5833333333333334,0.25,0.7,0.027436,796.339579,784.380246,200,true,36,0x1795b5a073b6d53eaf02de60385ae83b7dd205fb
2026-06-19T05:24:14.418755383Z,0x1d5c426d80cd22a784a391bae5062a0acb2be4629e6276f2137b028dd0f36fd2,b51bf9029d778899d42e96ebcdc0498bd061006d,1dbd062cbde5c4072ba490b5e36b773b8602333e,192a4ea92281f83eebeba2451300a19da602333e,1,7,0.9862586929566387,0.5833333333333334,0.25,0.7,0.029794,830.319543,814.18163,200,true,37,0x1795b5a073b6d53eaf02de60385ae83b7dd205fb
2026-06-19T05:27:35.055652446Z,0xe3b91795fb68e4f556d162d9a1819cf01b1c6371d7351ef81b3d7af28337d85b,fecfe4f88d1bc3fb7740159ae8c0f55d74615473,01aedcb3e14a87cfa74b547d3544b58c7adfd400,01f4a299c50dde4de7088906b34acb6cfcdfd400,2,6,0.9999860090796308,0.6666666666666666,1,0.4,0.032134,852.644004,835.4368890000001,200,true,38,0x1795b5a073b6d53eaf02de60385ae83b7dd205fb
2026-06-19T05:28:02.888111302Z,0x10c913376c4943db42d07d95c78057da09b774e9fd9057a9460a02984e07096a,fecfe4f88d1bc3fb7740159ae8c0f55d74615473,01aedcb3e14a87cfa74b547d3544b58c7adfd400,01f4a299c50dde4de7088906b34acb6cfcdfd400,2,6,0.9999860090796308,0.6666666666666666,1,0.4,0.029022,394.515312,380.123019,200,true,39,0x1795b5a073b6d53eaf02de60385ae83b7dd205fb
2026-06-19T05:30:10.623078995Z,0xe52f070c897b8319bd0049eb0fec4177622f2e44bc14ea0cbaedca55407e11ed,7b09fc3bdd9a1eb0059f0c9d391f5d684e0f9918,92244d53192decb9ed1f97658e4ba6db3744f885,922933deb544d0234bda13a23b7c7b2540620aec,3,0,0.9016041065286885,0.25,1,0.4,0.024381,860.834487,846.701405,200,true,40,0x1795b5a073b6d53eaf02de60385ae83b7dd205fb
2026-06-19T05:38:31.71713929Z,0x751e4063a1af7e67c43e7a9fc61968c8152fe221f887ae2de40dfbef5a151048,bc8744370bcb6d5abf5de8b4086ecfbb4c5629c3,0000000000000068f116a894984e2db1123eb395,000273cf6b0ae67e9ae80473cad11c7c1c481908,3,0,0.9016041065286885,0.25,1,0.4,0.030732,810.137285,794.696424,200,true,41,0x1795b5a073b6d53eaf02de60385ae83b7dd205fb
2026-06-19T05:40:01.551177319Z,0xbfb5af039a8c5326491fb29d7d3e4631eb71093215738fce1170dd56e05a5ee0,1977d4500e3ff0c1a22eb840a4268f834b5da993,f44125dbdaa186ccd427b40de32409fcde624ece,f4412ac09e9522140ede437285efe7c63f324ece,5,5,0.99942475996381,0.8333333333333334,0.25,0.7,0.034981,398.730519,381.37839299999996,200,true,42,0x1795b5a073b6d53eaf02de60385ae83b7dd205fb
2026-06-19T05:45:31.636089766Z,0x5c09bc0ff26697d8384116bd0bdb39466fef1548190be210a6296ce3c26f5bdf,cacebc09ee91fe63071f261f8bfe74a99ca7ef70,0f16c81fa044a699721d409dea5646ba9686b7cc,0f776cc057622f0da2f257d2b987a7cf3386b7cc,2,6,0.9999860090796308,0.6666666666666666,1,0.4,0.027667,826.120915,808.8105810000001,200,true,43,0xf7748da8d4961c8a0e391739071bf75cb21791f2
2026-06-19T05:46:01.045823205Z,0xa78638f311868bf35372f0be86e8d08aa49a988fb983a403a53e28f0b6e75664,cacebc09ee91fe63071f261f8bfe74a99ca7ef70,0f16c81fa044a699721d409dea5646ba9686b7cc,0f776cc057622f0da2f257d2b987a7cf3386b7cc,2,6,0.9999860090796308,0.6666666666666666,1,0.4,0.02821,417.723203,402.516684,200,true,44,0xf7748da8d4961c8a0e391739071bf75cb21791f2
2026-06-19T05:48:39.13388284Z,0x31a5c4c32768871d74ab5cf9c7e79d1850dc383da599b578b788d7753308a43c,259597c1c4bb8f54bfb772c7c16a6cd9cea596b1,d5933ecb0aed66c39b50056ebeb11e6c95b0427d,d59e4bb195096794295938871b0812e008b0427d,3,6,0.9983377771861855,0.75,0.25,0.7,0.034488,923.228246,906.278944,200,true,45,0xf7748da8d4961c8a0e391739071bf75cb21791f2
2026-06-19T05:49:05.218492834Z,0xde2092e7c566e7477e658dc444c1af6cdb972bb1c558f3d7a2f9ceb48e92c766,259597c1c4bb8f54bfb772c7c16a6cd9cea596b1,d5933ecb0aed66c39b50056ebeb11e6c95b0427d,d59e4bb195096794295938871b0812e008b0427d,3,6,0.9983377771861855,0.75,0.25,0.7,0.025895,407.533839,393.608065,200,true,46,0xf7748da8d4961c8a0e391739071bf75cb21791f2
2026-06-19T05:54:32.886396937Z,0x92f1a207cb184e919f5f871ce3f2e91f2b1fb79ab79c5b8d6511841b0ecee573,2dcbc69ca4d13c232f39fc65d1aa568567c1c1c3,0a48646f4d9ef7899407e6283137273728c088b9,0a4f6ecb214dc1d9acdd99743b4dcc58ccc088b9,3,6,0.9983377771861855,0.75,0.25,0.7,0.040495,782.801763,768.548761,200,true,47,0xf7748da8d4961c8a0e391739071bf75cb21791f2
2026-06-19T05:55:01.830219073Z,0x0a102c393e0983c60645545f2c25b38609fb996130d885a936039868d905cbd6,2dcbc69ca4d13c232f39fc65d1aa568567c1c1c3,0a48646f4d9ef7899407e6283137273728c088b9,0a4f6ecb214dc1d9acdd99743b4dcc58ccc088b9,3,6,0.9983377771861855,0.75,0.25,0.7,0.025001,435.44535099999996,418.25944300000003,200,true,48,0xf7748da8d4961c8a0e391739071bf75cb21791f2
2026-06-19T05:56:52.180919734Z,0xcae079c461e6062fc50f9566add9626c5cfbbc27c5806c94b2176049a1c8bb43,bc8744370bcb6d5abf5de8b4086ecfbb4c5629c3,0000000000000068f116a894984e2db1123eb395,000273cf6b0ae67e9ae80473cad11c7c1c481908,3,0,0.9016041065286885,0.25,1,0.4,0.022202,805.8783050000001,791.189957,200,true,49,0xf7748da8d4961c8a0e391739071bf75cb21791f2
2026-06-19T05:58:08.501213726Z,0x45581ca9c463528f2a37eaecdbda6a28720d23f2219682e24f5573b8b93c47c7,bc8744370bcb6d5abf5de8b4086ecfbb4c5629c3,0000000000000068f116a894984e2db1123eb395,000273cf6b0ae67e9ae80473cad11c7c1c481908,3,0,0.9016041065286885,0.25,1,0.4,0.022001,411.971631,396.20585600000004,200,true,50,0xf7748da8d4961c8a0e391739071bf75cb21791f2
2026-06-19T06:10:07.12004027Z,0x5a09c3b4e0ef5550d62dc9da52924eeb9b558de9b4f7332496e3d2149c5ef004,bc8744370bcb6d5abf5de8b4086ecfbb4c5629c3,0000000000000068f116a894984e2db1123eb395,000273cf6b0ae67e9ae80473cad11c7c1c481908,3,0,0.9016041065286885,0.25,1,0.4,0.026818,810.3774500000001,795.253118,200,true,51,0xf7748da8d4961c8a0e391739071bf75cb21791f2
2026-06-19T06:22:02.919147811Z,0x747ce9f5b745cb61b4ff911247a7157088c4afda9c39096c0b0576e10b0f11bc,040d6d590f4deb5013cdfdd7cd0df46ec9fe0f3f,42100b97aa9db80bf61d163d408d8a2dfaf02585,42bf5681a3bec188d2e67e3f82f72d4df6f02585,2,6,0.9999860090796308,0.6666666666666666,1,0.4,0.031325,882.087607,866.085011,200,true,52,0xf7748da8d4961c8a0e391739071bf75cb21791f2
2026-06-19T06:22:31.848205687Z,0x0a513ca3ec0667730298b9d3e0e9e359a9f88d2497fe5797e9689150f1a1c9ba,040d6d590f4deb5013cdfdd7cd0df46ec9fe0f3f,42100b97aa9db80bf61d163d408d8a2dfaf02585,42bf5681a3bec188d2e67e3f82f72d4df6f02585,2,6,0.9999860090796308,0.6666666666666666,1,0.4,0.049106,557.239164,540.233932,200,true,53,0xf7748da8d4961c8a0e391739071bf75cb21791f2
2026-06-19T06:28:03.979104973Z,0x284c12f56f0487d92ede1177b30228112257f5a24d32fb0de5b207fd2624b8e1,bc8744370bcb6d5abf5de8b4086ecfbb4c5629c3,0000000000000068f116a894984e2db1123eb395,000273cf6b0ae67e9ae80473cad11c7c1c481908,3,0,0.9016041065286885,0.25,1,0.4,0.023105,766.753732,751.747992,200,true,54,0xf7748da8d4961c8a0e391739071bf75cb21791f2
2026-06-19T06:28:38.593327701Z,0xa231c79938edc6ea6c917c2d8bee94e7f87ec83ec73c74b111871b7d3191968d,ffe15ff598e719d29dfe5e1d60be1a5521a779ae,ee1bf4d7c53af2beafc7dc1dcea222a8c6d87ad9,ee1b7e2dd825c1fce9080537d596a04003767ad9,4,4,0.9952066654378982,0.6666666666666666,0.25,0.7,0.028683,390.58679,375.592572,200,true,55,0xf7748da8d4961c8a0e391739071bf75cb21791f2
2026-06-19T06:29:31.491511249Z,0xac94e51c924fbcd37065670f04e91df93c821bb1c85253f93ce628af531154d0,bc8744370bcb6d5abf5de8b4086ecfbb4c5629c3,0000000000000068f116a894984e2db1123eb395,000273cf6b0ae67e9ae80473cad11c7c1c481908,3,0,0.9016041065286885,0.25,1,0.4,0.022747,393.08963600000004,378.684596,200,true,56,0xf7748da8d4961c8a0e391739071bf75cb21791f2
2026-06-19T06:30:27.516972869Z,0x9d43e902604750ea56c2d6d3693623ef9c9792b3896b56184cd62755ced46b74,46885ae77878136dfda629db5fe75133e443c6f7,0e722c75b012e35e2de569d9d3dde19740bca06b,0e72594bf00b6595f2b6dc25e4c3ba9740bca06b,4,10,0.99942475996381,0.8333333333333334,0.25,0.7,0.029928,429.448459,414.88891,200,true,57,0xf7748da8d4961c8a0e391739071bf75cb21791f2
2026-06-19T06:34:16.988121006Z,0x943ace2a3fd7007472bb6a823a5d7b1d795891f3c445878228cd266ca4df5f18,c9a24fa24563be6de9f5daa83752facb566c80ea,335fd6a412f05aba58c00a6209f5e07ca0377e36,335f5e4c2f822a9ffee82d90ecd614e93a477e36,4,5,0.9983377771861855,0.75,0.25,0.7,0.02788,820.812686,805.410318,200,true,58,0xf7748da8d4961c8a0e391739071bf75cb21791f2
2026-06-19T06:43:38.655862413Z,0x25a9e326baa783a9bed87528cac6c533a3bd0dc75295cc63e13d3e1a60eb3e44,ffe15ff598e719d29dfe5e1d60be1a5521a779ae,ee1bf4d7c53af2beafc7dc1dcea222a8c6d87ad9,ee1b7e2dd825c1fce9080537d596a04003767ad9,4,4,0.9952066654378982,0.6666666666666666,0.25,0.7,0.045924,771.272824,757.777999,200,true,59,0xf7748da8d4961c8a0e391739071bf75cb21791f2
2026-06-19T06:51:38.619155741Z,0x55721e8555600afdf78c122e913f778f660767e5da1779a9ceeac4d86cf3dec4,ffe15ff598e719d29dfe5e1d60be1a5521a779ae,ee1bf4d7c53af2beafc7dc1dcea222a8c6d87ad9,ee1b7e2dd825c1fce9080537d596a04003767ad9,4,4,0.9952066654378982,0.6666666666666666,0.25,0.7,0.032742,780.98614,765.6791939999999,200,true,60,0xf7748da8d4961c8a0e391739071bf75cb21791f2
2026-06-19T06:54:31.461327354Z,0x6f58d03c49deb3bccf7fd4eef28c40f98774b8fde55b63f7b1303e174027490b,5b8d2b4acbc8021f38f63ae67b6dd24b4dfca066,d04720f2b82b03e67aa6beed8b79804de1c5a1ef,d0e83490a55e671b3cf39cd027f0f9035ec5a1ef,2,6,0.9999860090796308,0.6666666666666666,1,0.4,0.026651,936.027524,922.2080470000001,200,true,61,0xf7748da8d4961c8a0e391739071bf75cb21791f2
2026-06-19T06:54:45.825981036Z,0x9e986be077a3180b6ba5dd472108316c679110526aa744d487fb236e4dc53cdd,bc8744370bcb6d5abf5de8b4086ecfbb4c5629c3,0000000000000068f116a894984e2db1123eb395,000273cf6b0ae67e9ae80473cad11c7c1c481908,3,0,0.9016041065286885,0.25,1,0.4,0.013881,407.36528500000003,389.485168,200,true,62,0xf7748da8d4961c8a0e391739071bf75cb21791f2
2026-06-19T06:57:32.705506079Z,0xa8d356243f4144fd97651876c1d0594eccf341b28a8660f4413a8a9b8d80cd01,4a98b9f8fc1893339c03d9e53341aed8f92d5361,cc2f43c84b31e9c1047f53b2f81e1023f29c3ccc,cc3aaf69bcd84d8095e22c1b4f23d63ccc9c3ccc,2,6,0.9999860090796308,0.6666666666666666,1,0.4,0.026912,844.470031,829.872114,200,true,63,0xf7748da8d4961c8a0e391739071bf75cb21791f2
2026-06-19T06:58:01.790010199Z,0x22f8479c6c2f22e332585fc529fbedfa24713c5dcf1166213116948314b8c084,4a98b9f8fc1893339c03d9e53341aed8f92d5361,cc2f43c84b31e9c1047f53b2f81e1023f29c3ccc,cc3aaf69bcd84d8095e22c1b4f23d63ccc9c3ccc,2,6,0.9999860090796308,0.6666666666666666,1,0.4,0.02911,403.547682,390.327778,200,true,64,0xf7748da8d4961c8a0e391739071bf75cb21791f2
2026-06-19T06:58:08.875919426Z,0x6ada0767c50628f9afc71c10cf03675410379ee954ddd47b6b587147f647fd9e,bc8744370bcb6d5abf5de8b4086ecfbb4c5629c3,0000000000000068f116a894984e2db1123eb395,000273cf6b0ae67e9ae80473cad11c7c1c481908,3,0,0.9016041065286885,0.25,1,0.4,0.019634,452.665375,432.462266,200,true,65,0xf7748da8d4961c8a0e391739071bf75cb21791f2
2026-06-19T07:00:33.035530526Z,0xb57d4bffd170591d1d106b091b59e058469c49c75f09e356677f96dab61c6625,3bd1cefddfa1b4f8bde06819ef63ff7ad31b6a36,aa9e1aa5f5bd3f59c33efa90e037680369cfafac,aa9705c79176211f31fa78506fa01e5e0375af0b,3,0,0.9016041065286885,0.25,1,0.4,0.018509,842.834434,826.3897989999999,200,true,66,0xf7748da8d4961c8a0e391739071bf75cb21791f2
2026-06-19T07:00:34.902842992Z,0xe01ca9b2379e21469dadaddfab8f55cab08c660b0cd8fc509a5990541d68fb1e,4a98b9f8fc1893339c03d9e53341aed8f92d5361,cc2f43c84b31e9c1047f53b2f81e1023f29c3ccc,cc3aaf69bcd84d8095e22c1b4f23d63ccc9c3ccc,2,6,0.9952066654378982,0.6666666666666666,0.25,0.7,0.036526,408.047235,394.764481,200,true,67,0xf7748da8d4961c8a0e391739071bf75cb21791f2
2026-06-19T07:00:37.592550427Z,0xd25830e2d9a993706f43160488144d2562671110fbeb7fc7d6506e8986f491d9,4a98b9f8fc1893339c03d9e53341aed8f92d5361,cc2f43c84b31e9c1047f53b2f81e1023f29c3ccc,cc3aaf69bcd84d8095e22c1b4f23d63ccc9c3ccc,2,6,0.9952066654378982,0.6666666666666666,0.25,0.7,0.03349,414.43587399999996,398.993707,200,true,68,0xf7748da8d4961c8a0e391739071bf75cb21791f2
2026-06-19T07:01:02.104329509Z,0xc8ed153a7c86369f809b7087cc562ad1436a024e4810c63ba681991b32786378,3bd1cefddfa1b4f8bde06819ef63ff7ad31b6a36,aa9e1aa5f5bd3f59c33efa90e037680369cfafac,aa9705c79176211f31fa78506fa01e5e0375af0b,3,0,0.9016041065286885,0.25,1,0.4,0.020814,404.83527000000004,390.719405,200,true,69,0xf7748da8d4961c8a0e391739071bf75cb21791f2
2026-06-19T07:06:41.164403309Z,0x74bbdb43550026fe684c71179db750fa44b84bad75e7a81dbe40e9bbe24332ce,5b8d2b4acbc8021f38f63ae67b6dd24b4dfca066,d04720f2b82b03e67aa6beed8b79804de1c5a1ef,d0e83490a55e671b3cf39cd027f0f9035ec5a1ef,2,6,0.9952066654378982,0.6666666666666666,0.25,0.7,0.01622,794.13663,780.1258439999999,200,true,70,0xf7748da8d4961c8a0e391739071bf75cb21791f2
2026-06-19T07:09:38.593020705Z,0x18fca3e5c01fc8ca31b409f061e16d0b7cd6a120e1bc226e7d6083b8bbda3e79,ffe15ff598e719d29dfe5e1d60be1a5521a779ae,ee1bf4d7c53af2beafc7dc1dcea222a8c6d87ad9,ee1b7e2dd825c1fce9080537d596a04003767ad9,4,4,0.9952066654378982,0.6666666666666666,0.25,0.7,0.032635,809.57826,794.5886340000001,200,true,71,0xf7748da8d4961c8a0e391739071bf75cb21791f2
2026-06-19T07:21:37.140868586Z,0xa6c099fda95906c2e5a05d6fc2da74c7c36d971fa94f32b3eae2d3a48a35e669,ae38b2153413f1f8438340963f298e39e3b25e04,58c8263b68f314472d8752b094285b77ec55a0a8,7ca25f82aa3569bf42c12bd83cc749780de3d0a8,0,3,0.9016041065286885,0.25,1,0.4,0.02684,863.565908,848.052814,200,true,72,0xf7748da8d4961c8a0e391739071bf75cb21791f2
2026-06-19T07:22:03.987294987Z,0x00bbd86f09f84fc635c463cdbfbc6368db6f4a8edd584f3d8b1d8d80838a2cd8,ae38b2153413f1f8438340963f298e39e3b25e04,58c8263b68f314472d8752b094285b77ec55a0a8,7ca25f82aa3569bf42c12bd83cc749780de3d0a8,0,3,0.9016041065286885,0.25,1,0.4,0.024219,421.716109,397.166176,200,true,73,0xf7748da8d4961c8a0e391739071bf75cb21791f2
2026-06-19T07:27:31.383491458Z,0xf25e95585608652446dfe1f931c015716afc1bf668a7ee67f23d683b972ee2f0,ba4e328c6f9a5356db1cf17a04062f4d6d6e5153,5f32ea5df7bbed2e91a8c325ac95e4f7605e7a42,5f3ecae36e842ffb263b013ff783658a826e7a42,3,5,0.9952066654378982,0.6666666666666666,0.25,0.7,0.025637,874.873212,858.968796,200,true,74,0xf7748da8d4961c8a0e391739071bf75cb21791f2
2026-06-19T07:27:34.35170555Z,0x525e4f7051b7172ab40bef3abfe21ff5508aefa69e09a56e0cdcf7cbe1eb3692,1481e58411608b2d628ef305b92b01cf4f83db70,3c31dd8044bf747d67ff4f252d4fbc1751c450d9,3c7201f61c491ae4772138fe150008d546c450d9,2,6,0.9999860090796308,0.6666666666666666,1,0.4,0.044891,478.07333800000004,464.68028,200,true,75,0xf7748da8d4961c8a0e391739071bf75cb21791f2
2026-06-19T07:28:01.100006083Z,0x5d05fdde27434064a80545d16b5f1406313b2f9ec680b1828c30034b4efa60f6,ba4e328c6f9a5356db1cf17a04062f4d6d6e5153,5f32ea5df7bbed2e91a8c325ac95e4f7605e7a42,5f3ecae36e842ffb263b013ff783658a826e7a42,3,5,0.9952066654378982,0.6666666666666666,0.25,0.7,0.038891,461.337723,446.526777,200,true,76,0xf7748da8d4961c8a0e391739071bf75cb21791f2
2026-06-19T07:28:02.687237062Z,0xf5791d9153acdfe48b217dfb90c2ec77aa3735303ef1a9f6b91eb1a725e6f200,1481e58411608b2d628ef305b92b01cf4f83db70,3c31dd8044bf747d67ff4f252d4fbc1751c450d9,3c7201f61c491ae4772138fe150008d546c450d9,2,6,0.9999860090796308,0.6666666666666666,1,0.4,0.021948,409.154928,395.534809,200,true,77,0xf7748da8d4961c8a0e391739071bf75cb21791f2
2026-06-19T07:28:30.459131156Z,0x4b986feff56a5c74b7b4e1474d6b5a4277fc337c4f2d6a9d07d5a377966f9747,ba4e328c6f9a5356db1cf17a04062f4d6d6e5153,5f32ea5df7bbed2e91a8c325ac95e4f7605e7a42,5f3ecae36e842ffb263b013ff783658a826e7a42,3,5,0.9999860090796308,0.6666666666666666,1,0.4,0.036775,405.394088,390.737055,200,true,78,0xf7748da8d4961c8a0e391739071bf75cb21791f2
2026-06-19T07:29:00.538563496Z,0x1e13458bd40175088bb1c36b285d464f39bd0341c2c4fa4426acc97b0fd54484,ba4e328c6f9a5356db1cf17a04062f4d6d6e5153,5f32ea5df7bbed2e91a8c325ac95e4f7605e7a42,5f3ecae36e842ffb263b013ff783658a826e7a42,3,5,0.9999860090796308,0.6666666666666666,1,0.4,0.039693,415.637682,396.208289,200,true,79,0xf7748da8d4961c8a0e391739071bf75cb21791f2
2026-06-19T07:32:26.640599809Z,0x1e13458bd40175088bb1c36b285d464f39bd0341c2c4fa4426acc97b0fd54484,ba4e328c6f9a5356db1cf17a04062f4d6d6e5153,5f32ea5df7bbed2e91a8c325ac95e4f7605e7a42,5f3ecae36e842ffb263b013ff783658a826e7a42,3,5,0.9999860090796308,0.6666666666666666,1,0.4,0.023319,927.204976,916.00041,200,true,80,0xf7748da8d4961c8a0e391739071bf75cb21791f2
2026-06-19T07:33:39.42567055Z,0xa2bf60f5525da3a99108394f93b668a18e8d003645a95a30fd84768c005e50ee,fe263102682933297cb65dc813e5193249769251,02c0616c664949b988836680dcbaf7cde5877c36,02c1ea389faf4b1f6c9b6037d83741d268a77c36,3,5,0.9952066654378982,0.6666666666666666,0.25,0.7,0.063338,423.993479,408.643311,200,true,81,0xf7748da8d4961c8a0e391739071bf75cb21791f2
2026-06-19T07:34:06.89006394Z,0x26332fdb9819e9ac0d39cbc649b12a450ddbb96ebfe6c3220e8b615c4cf492fb,fe263102682933297cb65dc813e5193249769251,02c0616c664949b988836680dcbaf7cde5877c36,02c1ea389faf4b1f6c9b6037d83741d268a77c36,3,5,0.9952066654378982,0.6666666666666666,0.25,0.7,0.033891,413.738795,397.66148,200,true,82,0xf7748da8d4961c8a0e391739071bf75cb21791f2
2026-06-19T07:36:31.067389933Z,0xd78c2527e9e40a283b8863473e627a6d3f897c605be48143e13644269aec3f90,fe263102682933297cb65dc813e5193249769251,3fe2861df086f3a6e87667f4ecbb2694c9196e98,3fe5a843da0c582ad36dc066961d1241ca496e98,3,5,0.9952066654378982,0.6666666666666666,0.25,0.7,0.036809,828.7185470000001,805.30085,200,true,83,0xf7748da8d4961c8a0e391739071bf75cb21791f2
2026-06-19T07:36:37.00690193Z,0xf64b5fcde556e4984a488e672c66dee46c9e4c7984ad6e99caca4a7912d6532d,b21b7c28c5befc80d58b326600305cdd62a4a58a,2863c27ded0226a5dc612ed262abbc50461621c1,28646f40e7b5c672e0a522bb80004bfd906621c1,3,5,0.9999860090796308,0.6666666666666666,1,0.4,0.030879,407.024337,392.383125,200,true,84,0xf7748da8d4961c8a0e391739071bf75cb21791f2
2026-06-19T07:37:01.107065811Z,0x6ad4bc024b5ae03f9f327d1a509c05adc45a45bf89604a7802fe1f5c575872c8,fe263102682933297cb65dc813e5193249769251,3fe2861df086f3a6e87667f4ecbb2694c9196e98,3fe5a843da0c582ad36dc066961d1241ca496e98,3,5,0.9952066654378982,0.6666666666666666,0.25,0.7,0.029593,410.475136,389.68047900000005,200,true,85,0xf7748da8d4961c8a0e391739071bf75cb21791f2
2026-06-19T07:37:03.777875651Z,0xbb0c628d05a8e31bb3ddd63622afee6def16fdc1db285b3c7b34e2b1587c3ec5,b21b7c28c5befc80d58b326600305cdd62a4a58a,2863c27ded0226a5dc612ed262abbc50461621c1,28646f40e7b5c672e0a522bb80004bfd906621c1,3,5,0.9999860090796308,0.6666666666666666,1,0.4,0.026482,397.04558299999997,383.03503500000005,200,true,86,0xf7748da8d4961c8a0e391739071bf75cb21791f2
2026-06-19T07:40:38.121358584Z,0x08239e1e61cfc8a774ddb942b46193da64a09074f01143df4bb402bff1462fdd,bc8744370bcb6d5abf5de8b4086ecfbb4c5629c3,0000000000000068f116a894984e2db1123eb395,000273cf6b0ae67e9ae80473cad11c7c1c481908,3,0,0.9016041065286885,0.25,1,0.4,0.021668,858.621144,843.427379,200,true,87,0xf7748da8d4961c8a0e391739071bf75cb21791f2
2026-06-19T07:42:32.904975913Z,0x12fddfefaa65f93dd6833d2eabd8f31497073e15beb2e80c38fdda5d417f0eaf,b21b7c28c5befc80d58b326600305cdd62a4a58a,20100e799379ca9d3ee63491b2d8eb83726c7adb,201b74d5202a85e93db7de534253c32a23bc7adb,3,5,0.9952066654378982,0.6666666666666666,0.25,0.7,0.025883,873.173684,853.2791010000001,200,true,88,0xf7748da8d4961c8a0e391739071bf75cb21791f2
2026-06-19T07:43:02.056137772Z,0x08ce51ec9ba847cc4457beccef8ebd3daf7da16ff4523749138f0b61949033f6,b21b7c28c5befc80d58b326600305cdd62a4a58a,20100e799379ca9d3ee63491b2d8eb83726c7adb,201b74d5202a85e93db7de534253c32a23bc7adb,3,5,0.9952066654378982,0.6666666666666666,0.25,0.7,0.02544,423.84679200000005,408.885366,200,true,89,0xf7748da8d4961c8a0e391739071bf75cb21791f2
2026-06-19T07:45:31.074961544Z,0xf6fbe719dd16261ff3adf4820bf4e06bcbca057a2688050754636c04a0620fd5,1481e58411608b2d628ef305b92b01cf4f83db70,3c31dd8044bf747d67ff4f252d4fbc1751c450d9,3c7201f61c491ae4772138fe150008d546c450d9,2,6,0.9952066654378982,0.6666666666666666,0.25,0.7,0.029745,761.250189,746.924159,200,true,90,0xf7748da8d4961c8a0e391739071bf75cb21791f2
2026-06-19T07:45:31.836527489Z,0x861baefd6dfc86ba0cf6b413dfd2bcf2b4560064c2970a6b6fbc89ce99bcb068,480cd46e6fade651a0437deadda53d5c8e7d846a,3cbfe09cfd9c77b8b925e4a028114d73a560daec,3cb16a661f72cd06fbd4f98a915b46c4eba0daec,3,5,0.9999860090796308,0.6666666666666666,1,0.4,0.013007,396.24976,381.660259,200,true,91,0xf7748da8d4961c8a0e391739071bf75cb21791f2
2026-06-19T07:46:00.909588051Z,0x29e0e5fa58b9881844784bf68930f5dc7938e25842a7f27924ea1dd7cfd53d50,480cd46e6fade651a0437deadda53d5c8e7d846a,3cbfe09cfd9c77b8b925e4a028114d73a560daec,3cb16a661f72cd06fbd4f98a915b46c4eba0daec,3,5,0.9999860090796308,0.6666666666666666,1,0.4,0.029443,391.580779,377.968979,200,true,92,0xf7748da8d4961c8a0e391739071bf75cb21791f2
2026-06-19T07:46:01.301434428Z,0x71eb13440b3ce0da2d977b4718e9ce015f48fb7fe2b8bc3f4091cf0b7b8b0ff6,1481e58411608b2d628ef305b92b01cf4f83db70,3c31dd8044bf747d67ff4f252d4fbc1751c450d9,3c7201f61c491ae4772138fe150008d546c450d9,2,6,0.9952066654378982,0.6666666666666666,0.25,0.7,0.014136,388.953564,373.56273400000003,200,true,93,0xf7748da8d4961c8a0e391739071bf75cb21791f2
2026-06-19T07:47:27.242824691Z,0x79d5523c96be5fb2fe8cb377d0d72e06cad699399292510ce70feadd1f9f98ac,bf46643403942544a3c667457662d9903c0d2ea4,7877606c3428214f90ff2f81a3ef43d1d1db1ff9,787e162ff022e6aada7bfbcf865b96119025ffe9,3,1,0.9249430380171825,0.3333333333333333,1,0.2,0.019596,396.020856,381.848199,200,true,94,0xf7748da8d4961c8a0e391739071bf75cb21791f2
2026-06-19T07:47:27.242824691Z,0x79d5523c96be5fb2fe8cb377d0d72e06cad699399292510ce70feadd1f9f98ac,bf46643403942544a3c667457662d9903c0d2ea4,7877606c3428214f90ff2f81a3ef43d1d1db1ff9,787011e075f242e55571d27bf0d5de3c9ff5ffe9,3,1,0.9249430380171825,0.3333333333333333,1,0.2,0.019596,769.268569,373.166111,200,true,95,0xf7748da8d4961c8a0e391739071bf75cb21791f2
2026-06-19T07:50:08.172484256Z,0xa2e3a777bd06e01d1bb9b6a761371ec5c04ff74afb75c9490deb3143da8abd32,4a9a16755a6bf64291cd2c9eb027b39c129ff58d,c7415e71cbafc29871b8ee698b79cc8bfeac163e,c74152159543962a285448e8765f317326723a5e,5,1,0.9612573257173364,0.5,0.25,0.7,0.026684,934.993237,920.60259,200,true,96,0xf7748da8d4961c8a0e391739071bf75cb21791f2
2026-06-19T07:50:39.25421342Z,0x02f092e47dcb1d1a46b8d3958ffd37403137d1f5c0d00d1cb763dbb5bba2f288,4bf9663370a10a8ddef5f68748700e1fbe3ee8c8,58df8fe87b32ef520a39a20b799426849d1b5a58,58df8c2d19330b0feb94069cd27e95b49d1b5a58,5,9,0.9130180201323209,0.9166666666666666,0.25,0.4,0.024414,439.05999499999996,424.40419,200,true,97,0xf7748da8d4961c8a0e391739071bf75cb21791f2
2026-06-19T08:05:28.865772734Z,0xbf87d402c0ad1743e2fdc87e24055db42344749daa0ae5fa803c8d26065e98d1,7ecad83c191d09ee764cc6d7e1580a102445f6d0,de555ae833b5e1a01b696b5d9d8e0b99bc8998ce,de555f6a3c805d39531b451ebae97769bc8998ce,5,9,0.9130180201323209,0.9166666666666666,0.25,0.4,0.023066,845.178275,830.604126,200,true,98,0xf7748da8d4961c8a0e391739071bf75cb21791f2
2026-06-19T08:13:04.149643661Z,0xb2dd6697c5de9d53569181ca01c74e9fc8090090d5a702ce27fb6f81673e4f12,cacebc09ee91fe63071f261f8bfe74a99ca7ef70,0f16c81fa044a699721d409dea5646ba9686b7cc,0f776cc057622f0da2f257d2b987a7cf3386b7cc,2,6,0.9999860090796308,0.6666666666666666,1,0.4,0.019259,817.501941,803.312919,200,true,99,0xf7748da8d4961c8a0e391739071bf75cb21791f2
2026-06-19T08:13:31.669344939Z,0x180c6b576a9ad34a9a62378d2b285297e6f4fc055984ce550c309b7ca578bf13,cacebc09ee91fe63071f261f8bfe74a99ca7ef70,0f16c81fa044a699721d409dea5646ba9686b7cc,0f776cc057622f0da2f257d2b987a7cf3386b7cc,2,6,0.9999860090796308,0.6666666666666666,1,0.4,0.030295,416.09393300000005,399.9549,200,true,100,0xf7748da8d4961c8a0e391739071bf75cb21791f2
2026-06-19T08:20:07.764280283Z,0xaff10f0ed92fa32563caaa895378a76b38bcc1ffb77d05eac48f08590c6ea446,ffe15ff598e719d29dfe5e1d60be1a5521a779ae,ee1bf4d7c53af2beafc7dc1dcea222a8c6d87ad9,ee1b7e2dd825c1fce9080537d596a04003767ad9,4,4,0.9952066654378982,0.6666666666666666,0.25,0.7,0.037405,848.101039,830.733733,200,true,101,0xf7748da8d4961c8a0e391739071bf75cb21791f2
2026-06-19T08:21:38.519977474Z,0x62f67aebe8f0fb0a2f49de078bb17c96e78a3a7019c6d8641875c92b77d159e7,ffe15ff598e719d29dfe5e1d60be1a5521a779ae,ee1bf4d7c53af2beafc7dc1dcea222a8c6d87ad9,ee1b7e2dd825c1fce9080537d596a04003767ad9,4,4,0.9952066654378982,0.6666666666666666,0.25,0.7,0.032498,466.135274,449.250584,200,true,102,0xf7748da8d4961c8a0e391739071bf75cb21791f2
2026-06-19T08:33:09.983650701Z,0xe8cf68646b8b29ec5de48c913ccdc9b3f8ac4fd93eed5a87305427c97f13abc4,bc8744370bcb6d5abf5de8b4086ecfbb4c5629c3,0000000000000068f116a894984e2db1123eb395,000273cf6b0ae67e9ae80473cad11c7c1c481908,3,0,0.9016041065286885,0.25,1,0.4,0.024972,756.676214,740.372127,200,true,103,0xf7748da8d4961c8a0e391739071bf75cb21791f2
2026-06-19T08:33:43.109768113Z,0xef413befdee1b972cbc2921439686b7cffb6d1963c174d84077f13a12061fc92,bc8744370bcb6d5abf5de8b4086ecfbb4c5629c3,0000000000000068f116a894984e2db1123eb395,000273cf6b0ae67e9ae80473cad11c7c1c481908,3,0,0.9016041065286885,0.25,1,0.4,0.023771,394.01354,380.404917,200,true,104,0xf7748da8d4961c8a0e391739071bf75cb21791f2
2026-06-19T09:00:46.153511508Z,0x7b214e2e1efb2346df09273ca90cb8db6a9847512cfe39376bb199d99adfb613,4a98b9f8fc1893339c03d9e53341aed8f92d5361,cc3aaf69bcd84d8095e22c1b4f23d63ccc9c3ccc,cc2f43c84b31e9c1047f53b2f81e1023f29c3ccc,2,6,0.9952066654378982,0.6666666666666666,0.25,0.7,0.039641,783.833481,760.820339,200,true,105,0xf7748da8d4961c8a0e391739071bf75cb21791f2
2026-06-19T09:00:58.126779Z,0x53ce48bfa54b1e83e90beba16949b486bcdc311ca4dcbd42e9d59d8815a35869,4a98b9f8fc1893339c03d9e53341aed8f92d5361,cc3aaf69bcd84d8095e22c1b4f23d63ccc9c3ccc,cc2f43c84b31e9c1047f53b2f81e1023f29c3ccc,2,6,0.9952066654378982,0.6666666666666666,0.25,0.7,0.040478,392.391139,374.904713,200,true,106,0xf7748da8d4961c8a0e391739071bf75cb21791f2
2026-06-19T09:01:04.429033703Z,0x9b277be82f4d50fb09a370c14068899f1e609d4a91f663fd5a8f6761115b20c8,4a98b9f8fc1893339c03d9e53341aed8f92d5361,cc3aaf69bcd84d8095e22c1b4f23d63ccc9c3ccc,cc2f43c84b31e9c1047f53b2f81e1023f29c3ccc,2,6,0.9952066654378982,0.6666666666666666,0.25,0.7,0.026509,392.546554,378.29816100000005,200,true,107,0xf7748da8d4961c8a0e391739071bf75cb21791f2
2026-06-19T09:01:09.327870095Z,0x5947d3f407e6d2c2d5b53e1a4f0aa0517ab497afac9c431b7fa5d00a6809a6bb,4a98b9f8fc1893339c03d9e53341aed8f92d5361,cc3aaf69bcd84d8095e22c1b4f23d63ccc9c3ccc,cc2f43c84b31e9c1047f53b2f81e1023f29c3ccc,2,6,0.9952066654378982,0.6666666666666666,0.25,0.7,0.040347,396.37903,380.697742,200,true,108,0xf7748da8d4961c8a0e391739071bf75cb21791f2
2026-06-19T09:01:15.507538131Z,0xbc6b9a30654ebf59d1aeb23e27e164d55c325f8e5ed4d7d15db100f1f79dbf44,4a98b9f8fc1893339c03d9e53341aed8f92d5361,cc3aaf69bcd84d8095e22c1b4f23d63ccc9c3ccc,cc2f43c84b31e9c1047f53b2f81e1023f29c3ccc,2,6,0.9952066654378982,0.6666666666666666,0.25,0.7,0.028686,401.251915,385.015221,200,true,109,0xf7748da8d4961c8a0e391739071bf75cb21791f2
2026-06-19T09:01:22.613040148Z,0x7a146356e435e00b4f90c8fe046a77a1fbc091fa1bca0fce5fcebdc42796f97d,4a98b9f8fc1893339c03d9e53341aed8f92d5361,cc3aaf69bcd84d8095e22c1b4f23d63ccc9c3ccc,cc2f43c84b31e9c1047f53b2f81e1023f29c3ccc,2,6,0.9952066654378982,0.6666666666666666,0.25,0.7,0.031264,398.764859,382.627212,200,true,110,0xf7748da8d4961c8a0e391739071bf75cb21791f2
2026-06-19T09:01:41.572824334Z,0x7b214e2e1efb2346df09273ca90cb8db6a9847512cfe39376bb199d99adfb613,4a98b9f8fc1893339c03d9e53341aed8f92d5361,cc3aaf69bcd84d8095e22c1b4f23d63ccc9c3ccc,cc2f43c84b31e9c1047f53b2f81e1023f29c3ccc,2,6,0.9952066654378982,0.6666666666666666,0.25,0.7,0.030401,463.74080699999996,449.258799,200,true,111,0xf7748da8d4961c8a0e391739071bf75cb21791f2
2026-06-19T09:01:51.365618974Z,0x5947d3f407e6d2c2d5b53e1a4f0aa0517ab497afac9c431b7fa5d00a6809a6bb,4a98b9f8fc1893339c03d9e53341aed8f92d5361,cc3aaf69bcd84d8095e22c1b4f23d63ccc9c3ccc,cc2f43c84b31e9c1047f53b2f81e1023f29c3ccc,2,6,0.9952066654378982,0.6666666666666666,0.25,0.7,0.051489,406.786903,375.096717,200,true,112,0xf7748da8d4961c8a0e391739071bf75cb21791f2
2026-06-19T09:01:51.772535417Z,0x53ce48bfa54b1e83e90beba16949b486bcdc311ca4dcbd42e9d59d8815a35869,4a98b9f8fc1893339c03d9e53341aed8f92d5361,cc3aaf69bcd84d8095e22c1b4f23d63ccc9c3ccc,cc2f43c84b31e9c1047f53b2f81e1023f29c3ccc,2,6,0.9952066654378982,0.6666666666666666,0.25,0.7,0.023259,389.94304400000004,373.473408,200,true,113,0xf7748da8d4961c8a0e391739071bf75cb21791f2
2026-06-19T09:01:52.162541382Z,0x9b277be82f4d50fb09a370c14068899f1e609d4a91f663fd5a8f6761115b20c8,4a98b9f8fc1893339c03d9e53341aed8f92d5361,cc3aaf69bcd84d8095e22c1b4f23d63ccc9c3ccc,cc2f43c84b31e9c1047f53b2f81e1023f29c3ccc,2,6,0.9952066654378982,0.6666666666666666,0.25,0.7,0.029406,414.167605,377.27792700000003,200,true,114,0xf7748da8d4961c8a0e391739071bf75cb21791f2
2026-06-19T09:01:52.576823022Z,0xbc6b9a30654ebf59d1aeb23e27e164d55c325f8e5ed4d7d15db100f1f79dbf44,4a98b9f8fc1893339c03d9e53341aed8f92d5361,cc3aaf69bcd84d8095e22c1b4f23d63ccc9c3ccc,cc2f43c84b31e9c1047f53b2f81e1023f29c3ccc,2,6,0.9952066654378982,0.6666666666666666,0.25,0.7,0.029549,408.852274,393.853924,200,true,115,0xf7748da8d4961c8a0e391739071bf75cb21791f2
2026-06-19T09:02:48.113834947Z,0x7b214e2e1efb2346df09273ca90cb8db6a9847512cfe39376bb199d99adfb613,4a98b9f8fc1893339c03d9e53341aed8f92d5361,cc3aaf69bcd84d8095e22c1b4f23d63ccc9c3ccc,cc2f43c84b31e9c1047f53b2f81e1023f29c3ccc,2,6,0.9952066654378982,0.6666666666666666,0.25,0.7,0.017079,420.899383,406.095115,200,true,116,0xf7748da8d4961c8a0e391739071bf75cb21791f2
2026-06-19T09:02:48.593507169Z,0x53ce48bfa54b1e83e90beba16949b486bcdc311ca4dcbd42e9d59d8815a35869,4a98b9f8fc1893339c03d9e53341aed8f92d5361,cc3aaf69bcd84d8095e22c1b4f23d63ccc9c3ccc,cc2f43c84b31e9c1047f53b2f81e1023f29c3ccc,2,6,0.9952066654378982,0.6666666666666666,0.25,0.7,0.027772,397.03819899999996,382.420175,200,true,117,0xf7748da8d4961c8a0e391739071bf75cb21791f2
2026-06-19T09:02:48.990602055Z,0x9b277be82f4d50fb09a370c14068899f1e609d4a91f663fd5a8f6761115b20c8,4a98b9f8fc1893339c03d9e53341aed8f92d5361,cc3aaf69bcd84d8095e22c1b4f23d63ccc9c3ccc,cc2f43c84b31e9c1047f53b2f81e1023f29c3ccc,2,6,0.9952066654378982,0.6666666666666666,0.25,0.7,0.028463,386.538115,373.645807,200,true,118,0xf7748da8d4961c8a0e391739071bf75cb21791f2
2026-06-19T09:02:49.377281275Z,0xbc6b9a30654ebf59d1aeb23e27e164d55c325f8e5ed4d7d15db100f1f79dbf44,4a98b9f8fc1893339c03d9e53341aed8f92d5361,cc3aaf69bcd84d8095e22c1b4f23d63ccc9c3ccc,cc2f43c84b31e9c1047f53b2f81e1023f29c3ccc,2,6,0.9952066654378982,0.6666666666666666,0.25,0.7,0.022463,400.160455,384.432711,200,true,119,0xf7748da8d4961c8a0e391739071bf75cb21791f2
2026-06-19T09:02:49.777497424Z,0x5947d3f407e6d2c2d5b53e1a4f0aa0517ab497afac9c431b7fa5d00a6809a6bb,4a98b9f8fc1893339c03d9e53341aed8f92d5361,cc3aaf69bcd84d8095e22c1b4f23d63ccc9c3ccc,cc2f43c84b31e9c1047f53b2f81e1023f29c3ccc,2,6,0.9952066654378982,0.6666666666666666,0.25,0.7,0.028445,390.281708,374.207432,200,true,120,0xf7748da8d4961c8a0e391739071bf75cb21791f2
2026-06-19T09:02:50.168220507Z,0x7a146356e435e00b4f90c8fe046a77a1fbc091fa1bca0fce5fcebdc42796f97d,4a98b9f8fc1893339c03d9e53341aed8f92d5361,cc3aaf69bcd84d8095e22c1b4f23d63ccc9c3ccc,cc2f43c84b31e9c1047f53b2f81e1023f29c3ccc,2,6,0.9952066654378982,0.6666666666666666,0.25,0.7,0.020531,406.354881,390.778224,200,true,121,0xf7748da8d4961c8a0e391739071bf75cb21791f2
2026-06-19T09:06:49.37625343Z,0xe35fecbe64062c653a17157ca3db15665d9d3f3d62e6841ef2bf830b2c32360b,bc8744370bcb6d5abf5de8b4086ecfbb4c5629c3,0000000000000068f116a894984e2db1123eb395,000273cf6b0ae67e9ae80473cad11c7c1c481908,3,0,0.9016041065286885,0.25,1,0.4,0.025965,961.253372,947.368879,200,true,122,0xf7748da8d4961c8a0e391739071bf75cb21791f2
2026-06-19T09:10:50.832784431Z,0xfe733e54c682416a1e40b5f4de2b62870741dac0c58128c63e886309ab9dc54d,21a31ee1afc51d94c2efccaa2092ad1028285549,7336bbd66b24c6fad5cfe6d7bedab5dde21c0cdc,7336bc7430cabaa56339e8521b06ee9c3382e68c,5,1,0.9612573257173364,0.5,0.25,0.7,0.025719,768.2054069999999,745.52691,200,true,123,0xf7748da8d4961c8a0e391739071bf75cb21791f2
2026-06-19T09:11:20.389489864Z,0x030021641b7b8d7b02f8487804a8be155a60afe8daf1943c1c472fac1b3f50a5,bc8744370bcb6d5abf5de8b4086ecfbb4c5629c3,0000000000000068f116a894984e2db1123eb395,000273cf6b0ae67e9ae80473cad11c7c1c481908,3,0,0.9016041065286885,0.25,1,0.4,0.048613,399.058046,383.167497,200,true,124,0xf7748da8d4961c8a0e391739071bf75cb21791f2
2026-06-19T09:11:23.119472072Z,0x28c22eb6f1af1c3f0e5ba04bb2cc490ff8eb2329e25723ceab226fc81e0aa8f5,4a98b9f8fc1893339c03d9e53341aed8f92d5361,cc3aaf69bcd84d8095e22c1b4f23d63ccc9c3ccc,cc2f43c84b31e9c1047f53b2f81e1023f29c3ccc,2,6,0.9952066654378982,0.6666666666666666,0.25,0.7,0.036132,392.14700200000004,375.73479399999997,200,true,125,0xf7748da8d4961c8a0e391739071bf75cb21791f2
2026-06-19T09:12:22.873685719Z,0xcc32a56b9cacd6e07ab80098fe44c89b4c2291b3a6ebbfb2352b631c438d5430,4a98b9f8fc1893339c03d9e53341aed8f92d5361,cc3aaf69bcd84d8095e22c1b4f23d63ccc9c3ccc,cc2f43c84b31e9c1047f53b2f81e1023f29c3ccc,2,6,0.9952066654378982,0.6666666666666666,0.25,0.7,0.075203,399.866957,385.979454,200,true,126,0xf7748da8d4961c8a0e391739071bf75cb21791f2
