"has_code","last_seen","observed_freq","unique_counterparties","unique_tokens","victim"
"False","2026-06-19T02:51:35Z","29115","16814","1","0x559432e18b281731c054cd703d4b49872be4ed53"
"False","2026-06-19T02:51:35Z","20929","11609","230","0x28c6c06298d514db089934071355e5743bf21d60"
"False","2026-06-19T02:50:59Z","11620","8701","10","0x974caa59e49682cda0ad2bbe82983419a2ecc400"
"False","2026-06-19T02:51:35Z","8067","6484","1","0x18e296053cbdf986196903e889b7dca7a73882f6"
"False","2026-06-19T02:51:35Z","7790","5357","197","0x21a31ee1afc51d94c2efccaa2092ad1028285549"
"False","2026-06-19T02:51:35Z","7378","5048","197","0xdfd5293d8e347dfe59e90efd55b2956a1343963d"
"False","2026-06-19T02:51:35Z","6754","4730","119","0xdd3d72c53ff982ff59853da71158bf1538b3ceee"
"False","2026-06-19T02:51:35Z","5004","4208","1","0x56eddb7aa87536c09ccc2793473599fd21a8b17f"
"False","2026-06-19T02:50:11Z","4330","3707","2","0x9696f59e4d72e237be84ffd425dcad154bf96976"
"False","2026-06-19T02:51:35Z","5682","3687","111","0x1ab4973a48dc892cd9971ece8e01dcc7688f8f23"
"False","2026-06-19T01:12:11Z","4072","3404","2","0x274940348ef6c2e3deeffe0722942dad16306877"
"False","2026-06-19T02:51:11Z","3544","3157","1","0x3acf0a5d7303da63a440abb868e708d9533a177f"
"False","2026-06-19T02:51:35Z","3880","2879","7","0xf70da97812cb96acdf810712aa562db8dfa3dbef"
"False","2026-06-19T02:50:59Z","3141","2743","17","0x2cff890f0378a11913b6129b2e97417a2c302680"
"False","2026-06-19T02:49:59Z","4193","2586","1","0xaa8ba7d4611437141192e7ceced531bc0a133efb"
"False","2026-06-19T02:51:35Z","6392","2570","359","0x0d0707963952f2fba59dd06f2b425ace40b492fe"
"False","2026-06-19T02:51:23Z","2661","2449","2","0xd37ac934502619cee14908cef22138f4b98e06b4"
"False","2026-06-19T02:50:23Z","5151","2276","374","0x9642b23ed1e01df1092b92641051881a322f5d4e"
"False","2026-06-19T02:49:47Z","3549","2208","10","0xe3478b0bb1a5084567c319096437924948be1964"
"False","2026-06-19T02:51:23Z","3289","1863","6","0x307576dd4f73f91bb8c4a2edb762938e8e067d31"
"False","2026-06-19T02:50:47Z","2234","1860","1","0x260b364fe0d3d37e6fd3cda0fa50926a06c54cea"
"False","2026-06-19T02:51:23Z","2555","1795","110","0x46340b20830761efd32832a74d7169b29feb9758"
"False","2026-06-19T02:43:35Z","1894","1711","10","0x4e5b2e1dc63f6b91cb6cd759936495434c7e972f"
"False","2026-06-19T02:49:23Z","1730","1689","3","0x2df9b935c44057ac240634c7536511d8aa03028d"
"False","2026-06-19T02:48:35Z","2908","1685","6","0xdfaa75323fb721e5f29d43859390f62cc4b600b8"
"False","2026-06-19T02:50:23Z","2051","1682","39","0xb8001c3ec9aa1985f6c747e25c28324e4a361ec1"
"False","2026-06-19T02:50:35Z","2298","1672","2","0x09f96d8da0ac189a1ead263e1ebeb25c76fcb0bc"
"False","2026-06-19T02:50:23Z","2151","1507","2","0x20ff49ea3385b6488946430ed1d4de6d91b43cad"
"False","2026-06-19T02:49:23Z","1507","1435","6","0xd0fc78aaaad55ed1505362e8a121f238f2df3f15"
"False","2026-06-19T02:50:59Z","1384","1383","1","0xe9b7bb7f6bda56c1ebf596ad7593062afc7e990b"
"False","2026-06-19T02:51:35Z","2109","1369","1","0x05ff6964d21e5dae3b1010d5ae0465b3c450f381"
"False","2026-06-19T02:51:11Z","1518","1365","2","0xf7c8da79da4cb294c4f55dfebb1b404e3e38d921"
"False","2026-06-19T02:50:59Z","1905","1348","1","0x065ac3d33fec104fba9f2f4d674afaa7c4ebcf43"
"False","2026-06-19T02:46:59Z","3038","1223","2","0xa26148ae51fa8e787df319c04137602cc018b521"
"False","2026-06-19T02:50:35Z","1481","1196","39","0x016606acc6b0cfe537acc221e3bf1bb44b4049ee"
"False","2026-06-19T02:50:35Z","2752","1134","84","0xf89d7b9c864f589bbf53a82105107622b35eaa40"
"False","2026-06-19T02:49:59Z","1834","1115","33","0x58b704065b7aff3ed351052f8560019e05925023"
"False","2026-06-19T02:48:11Z","1431","1005","14","0x935d2e470284fb536227a76a723f96a94efae6a9"
"False","2026-06-19T02:51:35Z","1747","964","8","0x264bd8291fae1d75db2c5f573b07faa6715997b5"
"False","2026-06-19T02:30:47Z","958","957","1","0xa0c67c89ffe505dd60510c5e6482b3b6b3c811fa"
"False","2026-06-19T02:49:11Z","1009","920","22","0x047223b0f9429f865c3a1f1fa1302ee02b44c15f"
"False","2026-06-19T02:51:23Z","2592","907","251","0x58edf78281334335effa23101bbe3371b6a36a51"
"False","2026-06-19T01:53:23Z","1054","867","10","0x80787af194c33b74a811f5e5c549316269d7ee1a"
"False","2026-06-19T02:51:35Z","1009","861","4","0x0668c9bf6a6936b9eb5a19f61c663070beff2f9b"
"False","2026-06-19T02:41:47Z","899","841","2","0x63c79fccd0a21e4a4d87056a0efe3b85d8c373d4"
"False","2026-06-19T02:49:35Z","1047","771","2","0x6cdb7776f6a20b9ed4441b791e9541a6fc04e313"
"False","2026-06-19T02:49:47Z","929","724","12","0x39f6a6c85d39d5abad8a398310c52e7c374f2ba3"
"False","2026-06-19T02:50:11Z","1024","696","75","0xcffad3200574698b78f32232aa9d63eabd290703"
"False","2026-06-19T02:49:35Z","890","690","1","0x83c41363cbee0081dab75cb841fa24f3db46627e"
"False","2026-06-19T02:42:59Z","772","663","7","0x74aa5387681505c806ff1e972b12cdfd01406828"
"False","2026-06-19T02:50:23Z","862","661","2","0x8195d3496305d2dbe43b21d51e6cc77b6c9c8364"
"False","2026-06-19T02:46:23Z","776","651","20","0x6fe39f2831caf58529779efdb73341aa64df50ab"
"False","2026-06-19T02:37:11Z","660","645","2","0x3ba1be1619e9c93c861a6eb252974274f75b72aa"
"False","2026-06-19T02:51:11Z","3499","625","132","0x91d40e4818f4d4c57b4578d9eca6afc92ac8debe"
"False","2026-06-19T02:44:11Z","1711","625","5","0x4c2c0f0bb2631b02ac9299c59690914ee7a200b8"
"False","2026-06-19T02:40:59Z","683","609","5","0x96d0471a061593e20f0ebc8c5b8b2d056862aeff"
"False","2026-06-19T02:50:35Z","705","583","10","0x9c87e5efc511e27739abc88ad2bd8db304de3e27"
"False","2026-06-19T02:46:59Z","838","578","5","0x8c8d7c46219d9205f056f28fee5950ad564d7465"
"False","2026-06-19T02:50:47Z","707","573","17","0x1887fa9edadeab7562b01cc3f4fa246ace2c3cdd"
"False","2026-06-19T02:44:47Z","897","558","2","0xbfaff6d34fc2609df575ec38e0e1ce6f48080c4e"
"False","2026-06-19T02:51:35Z","784","556","35","0x1c727a55ea3c11b0ab7d3a361fe0f3c47ce6de5d"
"False","2026-06-19T02:50:11Z","594","553","2","0x3b4cbd1feb7b88e65904bd1d23b9f8a2813d5c23"
"False","2026-06-19T02:24:23Z","565","548","1","0x03baf90b77df8fec05ba9a59f26d0e0d021f75b7"
"False","2026-06-19T02:51:11Z","735","536","27","0x93228d328c9c74c2bfe9f97638bbb5ef322f2bd5"
"False","2026-06-19T02:49:59Z","593","534","15","0x7ab6c736baf1dac266aab43884d82974a9adcccf"
"False","2026-06-19T02:50:47Z","613","531","1","0x98485a34a7a0f0b5dd3d836f118989c1bbc41448"
"False","2026-06-19T02:44:35Z","851","528","2","0x3f69532b603c5c9b01a75af8976c4c6445c6a1a1"
"False","2026-06-19T02:50:47Z","820","526","143","0xf440139a62b2b939699c5b3e09f88e40464ab9bc"
"False","2026-06-19T02:47:59Z","540","511","1","0x9a8ed6d235ceb6dc699eebc999ae9227818bb627"
"False","2026-06-19T01:58:23Z","525","511","2","0x3d8a5a981aa0be6304447f1266fe49315a15d48e"
"False","2026-06-19T02:50:59Z","601","504","2","0x8f0d024e780b7e2fd633a4d6d43631a96e8cb059"
"False","2026-06-19T02:51:23Z","664","493","85","0x187fe1a8b76c60b85c00a2819152ff00ff642386"
"False","2026-06-19T02:48:23Z","596","493","29","0x50ef5ed097913c223827636890cfb9ed492f5955"
"False","2026-06-19T02:26:23Z","577","493","2","0xb99191b82fc841fc578276ccf0052e5f7df6e059"
"False","2026-06-19T02:46:23Z","658","488","10","0x51dbd97fa14f4d78f8afc2e92a692a9e087efb5c"
"False","2026-06-19T02:40:59Z","1010","484","2","0x480cd46e6fade651a0437deadda53d5c8e7d846a"
"False","2026-06-19T02:50:11Z","738","464","118","0x2b3bf74b29f59fb8dda41cf3d6a8da28cf8e7921"
"False","2026-06-19T02:49:35Z","793","454","89","0x9be5b8a7314552fa47feb1355cd5b4adc7bb7516"
"False","2026-06-19T02:48:59Z","556","451","2","0xdc8f64397d2c80cb11538931826beff38914dc4c"
"False","2026-06-19T02:36:11Z","541","447","3","0x611ca9e25d1776e42964f341180ff3a7b0985d5b"
"False","2026-06-19T02:47:47Z","1368","445","167","0xab782bc7d4a2b306825de5a7730034f8f63ee1bc"
"False","2026-06-19T02:44:23Z","1385","440","82","0xb334a61a6209f14b5fa5f1684a4ed7621f66e1ef"
"False","2026-06-19T02:51:11Z","445","434","1","0xda6e71ecf11907f212359daba01acab993a32880"
"False","2026-06-19T02:51:35Z","560","429","2","0x4a9a16755a6bf64291cd2c9eb027b39c129ff58d"
"False","2026-06-19T02:50:23Z","484","427","8","0x787b8840100d9baadd7463f4a73b5ba73b00c6ca"
"False","2026-06-19T02:49:23Z","480","427","6","0x02a78632215262a94ce8651846e7d22adc98ce3c"
"False","2026-06-19T02:47:47Z","504","423","2","0xc2f4c9e3c94cbd3693f48454bbe5ca99ffd564aa"
"False","2026-06-19T02:50:35Z","525","422","15","0x5b8d2b4acbc8021f38f63ae67b6dd24b4dfca066"
"False","2026-06-19T02:49:11Z","669","413","3","0xb43c1981d57161dcb077ee4bcbb2d376b577a857"
"False","2026-06-19T02:51:35Z","680","411","2","0xc94ebb328ac25b95db0e0aa968371885fa516215"
"False","2026-06-19T02:27:35Z","679","405","89","0x91dca37856240e5e1906222ec79278b16420dc92"
"False","2026-06-19T02:51:35Z","501","402","27","0x7ff8bbf9c8ab106db589e7863fb100525f61cce5"
"False","2026-06-19T02:43:11Z","528","399","3","0xb7152d5900da932b7fc3cac97aebfc815f88d5ca"
"False","2026-06-18T04:25:23Z","582","394","1","0xc10c5b8290c8ad8ff4ed89d53b357d79a43c35e9"
"False","2026-06-19T02:37:47Z","505","392","5","0x3dbec89b559a6616b8f12f5a948fefd8aea18a01"
"False","2026-06-19T02:33:11Z","575","390","20","0xcd531ae9efcce479654c4926dec5f6209531ca7b"
"False","2026-06-19T02:46:23Z","510","389","1","0x1d22bae030857da8166bda3ac4c26f397a19aa5e"
"False","2026-06-19T02:33:59Z","452","374","7","0x935f64b44b5c48a1539c4ada5161d27ace4205b5"
"False","2026-06-19T02:48:35Z","551","372","2","0x1e6df47e375a99809785376eb6a2c32793b1525c"
"False","2026-06-19T02:38:59Z","495","367","30","0xd84b4436b6aba0fa348c5cf35b4682448e94724a"
"False","2026-06-19T02:41:47Z","579","363","4","0x6928f3e126dbac9923d52300fdef714b280b305c"
"False","2026-06-19T02:30:11Z","501","360","2","0x4b1a06282be9752999899cdc394c1ac0ac1e591b"
"False","2026-06-19T02:41:47Z","513","354","21","0x3563015e9f5694afe5d8cd86233f77557da704cc"
"False","2026-06-19T02:50:23Z","443","351","12","0x477b8d5ef7c2c42db84deb555419cd817c336b6f"
"False","2026-06-19T02:39:11Z","354","346","1","0x09cfee647fa339133380191c8db6b44f24500c9d"
"False","2026-06-19T02:46:35Z","667","344","4","0x0abbc482fbd91dbf413e3d6cc5622e03552ac13a"
"False","2026-06-18T14:09:23Z","364","344","20","0x3cdf67e6910c7a06c850082ee7d0d7c4e8fb8836"
"False","2026-06-18T12:39:47Z","337","337","1","0xa9568a1b8487847372daa12935970306a65cc767"
"False","2026-06-19T02:46:59Z","339","334","2","0xae38b2153413f1f8438340963f298e39e3b25e04"
"False","2026-06-19T02:46:23Z","525","330","2","0x147ac0b39675769e55a0f0e7fdd3641b47963661"
"False","2026-06-19T02:39:11Z","557","329","90","0x3c02290922a3618a4646e3bbca65853ea45fe7c6"
"False","2026-06-19T02:03:47Z","486","329","2","0xb86950f2a9d8cbb5bdeaff79cc02f499372bfc56"
"False","2026-06-19T02:46:11Z","816","327","2","0x55fe002aeff02f77364de339a1292923a15844b8"
"False","2026-06-19T02:42:11Z","377","310","5","0xb01007916cf90c1610e7429eaee53b2c0a4588a8"
"False","2026-06-19T02:39:59Z","484","306","2","0x7b09fc3bdd9a1eb0059f0c9d391f5d684e0f9918"
"False","2026-06-19T02:48:35Z","436","302","2","0x9239df3e9996c776d539eb9f01a8ae8e7957b3c3"
"False","2026-06-19T02:35:35Z","311","297","4","0x59238c30e17a5e4dd2f921159d3a7f209efa30b9"
"False","2026-06-19T02:44:35Z","303","290","3","0xec554417cb64c7433bb2f84a46b9ad633dd457c6"
"False","2026-06-19T02:50:59Z","427","288","2","0x02e0ea4f046e256339d1a2bcc0993312eb08f3c2"
"False","2026-06-19T01:53:59Z","375","283","3","0xb21b7c28c5befc80d58b326600305cdd62a4a58a"
"False","2026-06-18T22:26:11Z","313","282","1","0x14807ac91a3f939870f1b1729f09ead73b592b47"
"False","2026-06-19T02:50:47Z","403","278","1","0xf26f397fef9f338b7502c6fc42aa18ebd1af756d"
"False","2026-06-19T02:46:23Z","353","277","1","0x31531968d263567b0b93494e888ee23fc41a41bc"
"False","2026-06-19T01:59:23Z","294","276","2","0x4228c3d7fe60750f6dfe1136c0d60453d71dbe7c"
"False","2026-06-19T02:44:11Z","475","273","1","0x466ba3edd0783b0e0e675b50e7e59396b0433064"
"False","2026-06-19T02:38:11Z","383","269","1","0xdad555f1bf55185b0235cc8feee68d2d062e310d"
"False","2026-06-19T02:49:59Z","406","268","1","0xf1088841ab08fc1cb3835fd75207bcb3137f6ee3"
"False","2026-06-19T02:50:11Z","685","267","52","0xa023f08c70a23abc7edfc5b6b5e171d78dfc947e"
"False","2026-06-19T02:50:47Z","270","259","10","0xfb19ffd1ff9316b7f5bba076ef4b78e4bbedf4e1"
"False","2026-06-19T02:39:59Z","338","257","2","0xb0fcbf058cbfb75accfea14aa0227ede6c67c362"
"False","2026-06-19T02:40:35Z","298","257","2","0xc6acbee42e9e323140c1ed060c2f6ea9cc3b4b75"
"False","2026-06-19T02:51:35Z","477","256","3","0xef8801eaf234ff82801821ffe2d78d60a0237f97"
"False","2026-06-19T02:50:23Z","331","256","2","0xc7b2ea7b796baaba8698f627772f4ec30fffe288"
"False","2026-06-19T02:50:11Z","568","248","65","0x5bdf85216ec1e38d6458c870992a69e38e03f7ef"
"False","2026-06-19T02:37:23Z","408","244","3","0x168470c67f1b6d6e89d0c7cb51c1adc6b5c6cc8a"
"False","2026-06-18T13:01:11Z","244","244","243","0xd2dd7b597fd2435b6db61ddf48544fd931e6869f"
"False","2026-06-19T02:50:59Z","366","243","4","0x33029cd500d4c9c3b2ac26d6e65167b24b827446"
"False","2026-06-19T02:51:35Z","331","242","2","0xefba0f1dda13f5144bc4d4dcecacdc840266a828"
"False","2026-06-19T02:48:11Z","272","242","16","0x2982bb64bcd07ac3315c32cb2bb7e5e8a2de7d67"
"False","2026-06-19T02:38:59Z","385","237","52","0xf60c2ea62edbfe808163751dd0d8693dcb30019c"
"False","2026-06-19T02:49:35Z","256","237","2","0x4cf50a14d96e9392c5700c04ef9863e8ab2a70be"
"False","2026-06-19T02:21:35Z","322","236","1","0x134ac3b90e31db6ffd3eba731e8e2e4fc6b1309c"
"False","2026-06-19T02:32:47Z","253","235","2","0x8ae3fc8ab23f46301be7985a4c3993ce0f3a400f"
"False","2026-06-19T02:50:23Z","472","233","67","0xc80afd311c9626528de66d86814770361fe92416"
"False","2026-06-18T09:14:35Z","227","227","1","0x332fe0783adcced184f4243e64172e8369183f37"
"False","2026-06-19T02:31:23Z","273","221","7","0xc1da33e8d60daf4f93a52357a57a076f44c45759"
"False","2026-06-18T13:02:23Z","221","220","1","0x795af272ed01e4ae13a041a1b795a28469ee50b8"
"False","2026-06-19T02:01:11Z","350","217","32","0x74dec05e5b894b0efec69cdf6316971802a2f9a1"
"False","2026-06-19T02:31:35Z","230","215","2","0x58d7420cda335e316a88d0e20fe1c844da3dcadf"
"False","2026-06-19T02:51:35Z","311","213","3","0x07bf20be61b25ca98623b9fe6fa718c291945cc3"
"False","2026-06-19T02:24:59Z","372","212","1","0xd88f19f7b82013b8c15f7106e6b556b92d43d128"
"False","2026-06-18T19:08:47Z","234","211","4","0x173082ccee41dd2dbf15f31e900875eb7fc0d828"
"False","2026-06-19T02:50:23Z","388","209","11","0xa4b9569bf942c3aad23c0c2d322fe4aff8e1bf30"
"False","2026-06-18T21:01:23Z","216","209","1","0xfecfe4f88d1bc3fb7740159ae8c0f55d74615473"
"False","2026-06-19T02:49:23Z","256","208","1","0x389044f3ac7472060a0618116e3624a5f0f20f28"
"False","2026-06-19T02:51:35Z","346","207","13","0x77134cbc06cb00b66f4c7e623d5fdbf6777635ec"
"False","2026-06-19T02:27:11Z","219","205","4","0xe0ba374305e774ccb0c5f16efd686f1f565c3a88"
"False","2026-06-19T02:51:11Z","401","203","2","0x6048b73b989347a31705f5d61b0fc415f0681fbe"
"False","2026-06-19T02:40:47Z","244","203","2","0x49a87387ea78b4c83ab6ed12291749f1228d66bc"
"False","2026-06-19T02:38:47Z","235","202","8","0x87482e84503639466fad82d1dce97f800a410945"
"False","2026-06-19T01:31:59Z","214","201","1","0x82687380316e03119e9e1163346b011c8c686b87"
"False","2026-06-19T02:39:23Z","248","199","6","0x05cdb1526f6e224e02919a4c018d9784ea25eb3d"
"False","2026-06-18T21:00:23Z","421","198","2","0xefe1812c9d59a89061e78bd48a9e7f5bd445089f"
"False","2026-06-19T02:31:23Z","311","198","1","0x3d1d8a1d418220fd53c18744d44c182c46f47468"
"False","2026-06-19T02:47:23Z","254","198","1","0x2239eccb0d91c0c648b36b967bb1ef38c5b2b13d"
"False","2026-06-18T04:28:35Z","210","198","1","0xc7b4e01ef4dd72dab6d598ef23339ad9b2950cb0"
"False","2026-06-19T02:20:35Z","240","197","2","0x654de8a1b6f2b2f8de8c32b7b5b50d401d3fc897"
"False","2026-06-19T02:47:23Z","388","196","4","0x1481e58411608b2d628ef305b92b01cf4f83db70"
"False","2026-06-19T02:34:35Z","238","196","3","0xced92fa7f0797cbc851b48140ae218a0b0d41ce0"
"False","2026-06-19T02:50:23Z","285","194","4","0x1e0f823cb58ce74655db887ceddf2a0df2ce5bd2"
"False","2026-06-19T02:48:35Z","343","193","17","0x9776cbecf431869d7cce96819131476c2e0f4ed5"
"False","2026-06-18T20:52:47Z","321","193","3","0x3dc9039cb310bf806aeaeaf24b7047311f8d2149"
"False","2026-06-19T02:46:35Z","413","191","9","0x651641299c7ec0aa44ad7ed9b7e12702fed2022f"
"False","2026-06-19T02:49:11Z","244","190","1","0x88dcdd4a0a58b7e2208805d547043c37dca2b6dc"
"False","2026-06-19T02:50:59Z","208","189","10","0x67be8ce27ef8158d51d8593bb5b26eafacc955d9"
"False","2026-06-19T02:36:35Z","190","189","3","0x165a1e9b6cc21f51a2ca69f143e0ee7f2c01ed89"
"False","2026-06-19T02:47:35Z","233","188","1","0x368e3117113916f2cd00306d34d4f454c7d6c636"
"False","2026-06-19T02:37:11Z","228","185","1","0xbbd0d4d067d5af2065b1b6fd936d93237ae1c56c"
"False","2026-06-19T01:43:59Z","296","182","2","0x521f0a029743b2084b36c86b6ee8d1d8842a9401"
"False","2026-06-19T01:56:59Z","280","182","3","0xc199feb7ce2b17fa84162ee705ebb35a2f19407d"
"False","2026-06-19T02:43:47Z","236","182","2","0x78dff89ba23c09792b16d9717036f118744c69db"
"False","2026-06-18T05:01:59Z","182","182","1","0xf168a8d8ac3630eee2485e7b5521864083690e5c"
"False","2026-06-19T02:48:23Z","278","181","2","0x852dc1c875f0117ea0808610010893e4c576b6a9"
"False","2026-06-19T02:43:35Z","234","181","2","0x67d0f07f6caecced3df466ad4c85f2332eab45a3"
"False","2026-06-19T02:34:47Z","471","177","3","0x7bef16275a88bd9c3004dbd0b85da65b08705c24"
"False","2026-06-19T02:32:35Z","273","177","20","0x8fca4ade3a517133ff23ca55cdaea29c78c990b8"
"False","2026-06-19T02:40:35Z","201","177","1","0xa690621b1d2f8cc06de2de11e4cf69935f82655a"
"False","2026-06-19T02:38:35Z","193","177","1","0x7491f26a0fcb459111b3a1db2fbfc4035d096933"
"False","2026-06-19T02:32:47Z","269","174","2","0x44117b76535fcf450a425356f8de620ac8856074"
"False","2026-06-19T02:45:59Z","187","173","1","0x9df3ba7651a4562e5aa951281ab4dcdd38df5316"
"False","2026-06-18T23:16:59Z","185","172","2","0x79672062c5a45e3808d6b784129cf3ecf59d4224"
"False","2026-06-19T02:30:47Z","295","171","3","0xc55b68e4e97a945b150c0c6865a3cb4c22ccefd4"
"False","2026-06-19T02:47:59Z","222","171","1","0x79dd9327352bcf1dd16941899705e97b61f4decb"
"False","2026-06-19T01:13:47Z","231","170","1","0x24f2e177eb2e82fb562de81219abd09356c4196b"
"False","2026-06-19T02:48:47Z","182","169","2","0xba4e328c6f9a5356db1cf17a04062f4d6d6e5153"
"False","2026-06-19T02:50:59Z","487","166","33","0xf42aac93ab142090db9fdc0bc86aab73cb36f173"
"False","2026-06-19T02:21:59Z","196","165","2","0x282fb83344e36e7b906c4bfb615ad8f8351fb644"
"False","2026-06-19T02:40:11Z","171","165","1","0x7a9fa9f6e6ebb24ce3d1d4d4a23a3f95873bab47"
"False","2026-06-19T02:51:35Z","322","164","2","0x0c8aa5263afde3c43a0fe88aed2b10ade922e666"
"False","2026-06-19T02:37:59Z","161","161","1","0xab526cf8bda19fb257a40f2d76a151044ebe32a9"
"False","2026-06-19T02:51:35Z","190","159","4","0x3247f6b66f24f672eacf52080e0381fa45deb307"
"False","2026-06-19T02:50:11Z","176","157","1","0x26352d20e6a05e04a1ecc75d4a43ae9989272621"
"False","2026-06-19T02:41:59Z","213","154","6","0xc9f5296eb3ac266c94568d790b6e91eba7d76a11"
"False","2026-06-19T02:47:23Z","164","154","1","0x307bb669936c32971ecbb4db57610e1beebc84bc"
"False","2026-06-19T02:21:59Z","329","153","26","0x0639556f03714a74a5feeaf5736a4a64ff70d206"
"False","2026-06-19T02:38:47Z","156","152","2","0x38d0a23334936bcd9e987f52159f63215b2f48c9"
"False","2026-06-19T02:31:59Z","150","150","1","0xdec53dc3bba9d8e975e756b920024f01b2b353f2"
"False","2026-06-19T02:48:59Z","196","149","28","0x9bf81cc31d0f1fa7ade83058509a4db154a182a2"
"False","2026-06-19T02:08:23Z","170","149","3","0x9772db485b028616e85a41b718047de21aef31fe"
"False","2026-06-19T02:42:59Z","204","148","2","0x6a48def545a2f2509d7a13f4107f58dd6d3b031e"
"False","2026-06-18T18:41:11Z","191","146","1","0x7522d0a717031f244a9fe0ec2f1c7a1a7f667198"
"False","2026-06-19T02:40:11Z","196","145","6","0x8329d783f96e48d50f0f1f5a3c7f83b73a5c0218"
"False","2026-06-19T01:42:23Z","143","143","1","0x57583d765c3057d95dee6a5b21a20a815c26a299"
"False","2026-06-19T02:44:35Z","195","142","6","0x26f066c8d76961cc5c2b0026e9ad857838b183a1"
"False","2026-06-19T02:23:35Z","195","141","11","0xd9eb1bb96c8c520fb41afcaadd720f15a7879b5c"
"False","2026-06-19T02:47:47Z","173","141","2","0xcf3061b9e65f1f84d0839bb54d79a471eed7b11a"
"False","2026-06-19T02:50:23Z","378","140","20","0x6522b7f9d481eceb96557f44753a4b893f837e90"
"False","2026-06-19T02:41:35Z","196","140","9","0xcfc0f98f30742b6d880f90155d4ebb885e55ab33"
"False","2026-06-19T02:46:23Z","230","136","6","0xf78b2eda7c1e20ff9906b31fe3612195bce9d6ce"
"False","2026-06-19T02:50:23Z","300","135","2","0x3a09c40f8f7b93c8c7e09a5422e56dfe7c7d2794"
"False","2026-06-19T00:53:35Z","213","135","1","0x5d56928f988ef7719b40ca100eb588ccf4bd857e"
"False","2026-06-19T02:36:23Z","207","135","29","0x4b5f834ede79c52bd33d952c719a0b641a0310ea"
"False","2026-06-19T02:38:23Z","184","134","33","0x0cbfa0f27f43222ee92245d93742e5caf3741efb"
"False","2026-06-19T02:18:59Z","177","134","78","0x000000000000000000000000000000000000dead"
"False","2026-06-19T02:37:35Z","167","133","2","0xaa0e9a1e2d2ccf2b867fda047bb5394bef1883e0"
"False","2026-06-19T02:44:47Z","460","132","59","0x15f46551f5d736c9b8861c1d1358e29183f7a6c7"
"False","2026-06-19T02:42:11Z","475","130","90","0xbf90664017218ac7d9db5ae0c84873628e9ae1ae"
"False","2026-06-19T02:36:23Z","235","130","10","0x187c9fbf5bd0f266883c03f320260c407c7b4100"
"False","2026-06-19T01:25:23Z","132","130","2","0x06b49ae7c66face24ecb6c5f1d5cc5cf7bc8d21c"
"False","2026-06-19T02:50:11Z","152","129","2","0xdb666b6ceacc321fcc107ebd0e391b5cf8cb497f"
"False","2026-06-19T01:32:47Z","145","129","1","0xd718250cdaff1ca7471a6de9f6a1553935807fa1"
"False","2026-06-19T02:39:11Z","161","128","31","0x3bd1cefddfa1b4f8bde06819ef63ff7ad31b6a36"
"False","2026-06-19T02:44:11Z","315","127","25","0xa31231e727ca53ff95f0d00a06c645110c4ab647"
"False","2026-06-19T02:39:23Z","141","125","1","0x5861055b90353e2566ebe7f44d181bb81e13eadc"
"False","2026-06-19T02:23:11Z","132","125","1","0x6f9005ffa2fd78e87776aa2a6c2ea7d288d48894"
"False","2026-06-19T02:51:23Z","254","124","51","0xb8ba36e591facee901ffd3d5d82df491551ad7ef"
"False","2026-06-19T02:30:23Z","515","123","66","0x7f604d597c15b2e2f60dc645844f68b1d781b752"
"False","2026-06-19T02:12:59Z","132","123","2","0x76eeb4c8b149738a9b198d866c80e8087a0a4f17"
"False","2026-06-18T18:54:47Z","125","123","2","0x1882b59d894055c87c18f89cdc5e5d86fff2f670"
"False","2026-06-19T02:50:59Z","1286","122","153","0xfe263102682933297cb65dc813e5193249769251"
"False","2026-06-19T02:45:47Z","863","122","97","0xe129188380d48fa09a6a89ac91adc761afdc1612"
"False","2026-06-18T16:40:47Z","159","122","42","0x7aee346bf32d4e63942da96b7aa448eb8227b6af"
"False","2026-06-19T02:48:59Z","162","121","1","0x33c0ceef304338a6eff5bab58f74ca6ad8b99333"
"False","2026-06-19T02:47:47Z","160","121","4","0x7042141b22f5d44c974729847f22b3ff8616b6c2"
"False","2026-06-19T02:43:23Z","133","121","4","0x89c5151236de544d077fc69813a4db89224ee8a1"
"False","2026-06-19T02:45:23Z","131","121","1","0x2653eb3eed3ca887fdea1569155cf72bded0232b"
"False","2026-06-19T02:40:35Z","374","119","1","0x0510b1a8b756836e0563358737d445aa8589cfe7"
"False","2026-06-19T02:29:11Z","238","119","2","0xefef30bd1cca520619306c95091ab18473febc5c"
"False","2026-06-19T02:48:11Z","188","119","10","0x0f776cc057622f0da2f257d2b987a7cf3386b7cc"
"False","2026-06-19T02:37:11Z","155","118","15","0xf6d4e5a7c5215f91f59a95065190cca24bf64554"
"False","2026-06-19T02:44:23Z","255","117","1","0x70167b76543c4a12b49b2f2b70cbf04d99345786"
"False","2026-06-19T02:49:35Z","201","117","1","0xf9307ad6cf0406a241d79e661d07044445194a7a"
"False","2026-06-19T02:50:59Z","644","116","107","0x55823001c8cd87a6e86716ca768bce51f2d89c9c"
"False","2026-06-18T22:00:11Z","522","116","58","0xe9a911b75ff5bb6e7b41a045b4d3ceedb6101381"
"False","2026-06-19T02:07:23Z","137","116","8","0x39303c730904be7c7ecff1c5c2c6f6dc58b3b18c"
"False","2026-06-19T00:07:35Z","145","114","2","0x5ffa3ed60d9b9cf9b0256f167cbb5d528bcbee5d"
"False","2026-06-19T02:36:11Z","128","113","52","0x120051a72966950b8ce12eb5496b5d1eeec1541b"
"False","2026-06-19T02:48:59Z","120","113","2","0x4fac9d83ffad797072db8bd72cc544ad5ec45e4f"
"False","2026-06-18T17:06:47Z","113","112","1","0xe444cfd0a063a90c42c27313ea930fbe7c1397bd"
"False","2026-06-18T23:37:35Z","177","111","2","0x5b600937dbe6c55a647c93022f70bd5fc1794f88"
"False","2026-06-18T13:20:11Z","167","111","17","0x001816e5b378d2da9b534f07e6be7bc300e61f71"
"False","2026-06-18T17:42:59Z","114","111","3","0x6e8f6f1d3e85b143ccb306acb4ef60b3377154c9"
"False","2026-06-19T02:51:11Z","183","110","7","0x33a64dcdfa041befebc9161a3e0c6180cd94fa89"
"False","2026-06-19T02:51:35Z","198","109","1","0x1ee3bd00526160d3e06989af8720280bd2cccbd6"
"False","2026-06-18T12:36:11Z","109","109","1","0x024c49dd93ea48b2aee31f113457282077f81fbc"
"False","2026-06-18T23:24:11Z","130","108","1","0x0ab3fbc9025ece0ea4e0f9d29fbaa94b70923e37"
"False","2026-06-19T02:47:47Z","121","107","19","0x6990e7e90ab50c12111f99b84183d3fe298bb3e4"
"False","2026-06-19T02:34:23Z","131","106","2","0x11ec2540d694a7e3db427ae3ca989b01d3d24dd7"
"False","2026-06-19T02:12:23Z","117","106","4","0x014435b1e39945cf4f5f0c3cbb5833195a95cc9b"
"False","2026-06-19T02:44:23Z","167","104","2","0x8d8d7ea4761e3c0a78652331a844a121a63ac2b3"
"False","2026-06-19T02:41:23Z","106","104","1","0x55f5e7eeb39f3e559fc2a61d9687fa253063c465"
"False","2026-06-19T02:46:47Z","462","103","52","0xf8191d98ae98d2f7abdfb63a9b0b812b93c873aa"
"False","2026-06-19T02:50:23Z","155","103","1","0x4c1def47565d45764f7195bb5ab3f1c61b53acbd"
"False","2026-06-18T17:57:59Z","106","103","3","0x305eb7c6e3491956da42d0062f04bbc9381d9c77"
"False","2026-06-19T02:46:11Z","161","102","1","0x5bcbdfb6cc624b959c39a2d16110d1f2d9204f72"
"False","2026-06-19T02:51:11Z","139","102","30","0xdb3ded7731c781224ec292e2163d9554c094fd7c"
"False","2026-06-19T02:39:11Z","127","102","1","0x49f1f1367f104d03e527f680a9e36533a8fd8b3e"
"False","2026-06-18T14:59:11Z","108","102","1","0xab7f27dae1ca6eea2278f416ecbf960b3b514bd1"
"False","2026-06-19T02:50:23Z","312","101","16","0x5b71d5fd6bb118665582dd87922bf3b9de6c75f9"
"False","2026-06-18T12:36:47Z","154","101","30","0x4a98b9f8fc1893339c03d9e53341aed8f92d5361"
"False","2026-06-19T02:31:11Z","127","101","1","0x66930afa1640368ef7de973fa75f446f46901cee"
"False","2026-06-18T12:54:11Z","101","101","2","0xfe229dacab856148163d2ce7d21e4adcac701d47"
"False","2026-06-19T02:50:23Z","224","100","5","0x3fbd55bbfbb36f45167c9abe1396a4e5a192e8fb"
"False","2026-06-19T02:42:47Z","167","100","7","0xffe15ff598e719d29dfe5e1d60be1a5521a779ae"
"False","2026-06-19T02:02:11Z","117","100","2","0x3a3035a3a16e8ab3fbfc0ec05fa01786fcdbec80"
"False","2026-06-18T07:01:59Z","100","100","1","0xbc8744370bcb6d5abf5de8b4086ecfbb4c5629c3"
"False","2026-06-19T02:39:59Z","157","99","2","0x268b32d31de59b1a4439475b2dcd11da61eabfa0"
"False","2026-06-18T09:53:23Z","99","99","1","0xcc3b03ab71574097fc98b0199d2c2f83535f1d7d"
"False","2026-06-19T02:41:35Z","144","98","2","0x2d4b389a062b7d334bc5d94dee657dc737242685"
"False","2026-06-18T20:17:35Z","124","98","1","0x9736603a31cf71efcb62631cc28f60bcbd31d565"
"False","2026-06-19T02:39:35Z","122","98","2","0xeb73b4a639deb107e739d251cee78dcf58d2d70f"
"False","2026-06-19T02:38:59Z","143","97","1","0x714b0f8580f79c5c535c4d51aceb42dc9e6d7f67"
"False","2026-06-19T02:21:35Z","120","97","2","0x1d0a26327f5e20f36a171fe726a07107ec2952b4"
"False","2026-06-19T01:58:59Z","97","97","1","0x24ed4c814c9ccb9902506d1cc3623d00d14e8ecf"
"False","2026-06-19T02:30:11Z","529","96","80","0x41fbba5cb38d22b2d80606406944cedd7c97f6f9"
"False","2026-06-18T22:46:11Z","107","96","1","0xa1e71d276e840095a2056a208b45a2dc1d483b48"
"False","2026-06-19T02:18:23Z","552","95","74","0x5cbd15d48ac85035f57736dffd3f279f923d267d"
"False","2026-06-19T02:07:59Z","139","95","2","0x3e6f3f5dc23312e8cef449f5257f6e31d610995e"
"False","2026-06-19T02:33:23Z","152","94","5","0x7d31942d19ebc1afa1a5bf12e9699b3e736a57f6"
"False","2026-06-19T01:53:35Z","142","94","1","0x05d9617595e69ff577076355abc5e7c51ed0bdf3"
"False","2026-06-19T02:15:59Z","113","94","2","0x31fc2cb761083a77cf218461e2072bcea0ca35ef"
"False","2026-06-18T18:13:47Z","94","94","1","0x4f65a2aa85518e11fab60accfaace93950ebd811"
"False","2026-06-19T02:47:23Z","777","93","88","0x8e101ce0cd87c816dcfd4d02f7e21983901def94"
"False","2026-06-19T02:47:11Z","1227","92","120","0x06fd4ba7973a0d39a91734bbc35bc2bcaa99e3b0"
"False","2026-06-19T02:31:59Z","111","92","2","0x112bcf611676dcae0c2b8946375651f19f54735e"
"False","2026-06-19T01:30:59Z","107","92","4","0x43b719b9c6cf849dca549765ba1af00f3dfc4ac1"
"False","2026-06-18T13:22:35Z","141","91","12","0x4fb047e2063878bff4aaf1e1e317974bdd79b62c"
"False","2026-06-19T02:26:59Z","106","91","2","0x2cc8e4721a001f1921298bc9d894aca13630b0c6"
"False","2026-06-19T02:41:47Z","193","90","46","0x3cc936b795a188f0e246cbb2d74c5bd190aecf18"
"False","2026-06-19T02:28:47Z","93","90","5","0xabe7931e45593679a9433add2686706a5134bf2f"
"False","2026-06-19T01:55:23Z","93","90","2","0x389aa657f2249d0225b337e338a84b01d0fb74eb"
"False","2026-06-19T02:36:23Z","118","89","3","0xaad84c0f9380b2d213bc91a0fa6f48e221b240fc"
"False","2026-06-19T02:21:35Z","96","89","2","0xd3561da2bfcac843494854f7de1af98a3962925f"
"False","2026-06-18T21:04:11Z","175","88","1","0xf12d7c6ce5dd7d811990abde7f5137a91653c4bb"
"False","2026-06-19T02:16:35Z","152","88","2","0x082d2397c5e3c5300d31f52bd056169882b8ba1c"
"False","2026-06-19T02:43:11Z","107","88","3","0x2f4aac355b65decd35e8dfb40aba000de190878f"
"False","2026-06-19T01:36:59Z","117","87","2","0x02af3bd247e598af852c125e67a5010c2eae4fee"
"False","2026-06-19T02:49:11Z","110","87","3","0xfd4a5d7f04b14929dd8e766ad2ae48bcae90dce7"
"False","2026-06-19T02:30:59Z","95","87","2","0x117e4be3a0a476ddb729b57de2b7cf168606f949"
"False","2026-06-19T02:29:59Z","101","86","1","0x18623b12230e0b11b6cced686f59762ba052c5dc"
"False","2026-06-19T02:37:11Z","147","85","1","0xd853e58f695f54998b2bcfb068efdeb951db430d"
"False","2026-06-19T02:40:11Z","135","85","1","0x44ccac16089d74609b9dfa2d9fb9a707e28dd329"
"False","2026-06-19T02:32:35Z","123","85","1","0xbd15219b0012e09630f0aabc496d0b41dd87e51b"
"False","2026-06-19T02:14:35Z","107","85","3","0x47168df3c60759baac5054fdc034003f010062b4"
"False","2026-06-19T02:50:23Z","171","84","3","0x8fa129f87b8a11ee1ca35abd46674f8b66984d4a"
"False","2026-06-18T17:21:35Z","121","84","17","0xdd531a3d546ffe122c59cd3b13c90d51a525fd7e"
"False","2026-06-19T02:40:35Z","99","84","12","0xf3ca1a1caf28275d6ee51ac4e3ed0a29d0c4b1b6"
"False","2026-06-18T21:44:23Z","90","84","2","0x3274ae9f94ec2dab27c9d2f8764bbf1e3d988284"
"False","2026-06-19T01:34:35Z","84","84","1","0xe03e779ac75bb706557e1cfb7fb79397dfe1a261"
"False","2026-06-19T02:04:11Z","87","83","2","0x1d40718423f96f69bab57cec75ee5056366c1653"
"False","2026-06-19T00:10:23Z","119","82","19","0x75e89d5979e4f6fba9f97c104c2f0afb3f1dcb88"
"False","2026-06-19T02:39:11Z","158","81","4","0xec8bd58821b6dd99e917906ad16333bcd6e25c87"
"False","2026-06-19T02:12:47Z","154","81","3","0xad85405cbb1476825b78a021fa9e543bf7937549"
"False","2026-06-18T22:29:11Z","104","80","2","0x74364a654d380a8979ae81fdb69be2b68ee73982"
"False","2026-06-19T02:46:59Z","101","80","24","0x6cc8dcbca746a6e4fdefb98e1d0df903b107fd21"
"False","2026-06-19T01:53:11Z","96","80","2","0x817f128ccf3f8fc943cd9aafacd23b91e27668cd"
"False","2026-06-19T02:46:11Z","85","80","3","0x553f101cef90c94d68aba2cf70a2e1e1800aa960"
"False","2026-06-19T02:43:47Z","82","80","2","0x9bcecd8d0a2df6a39b3d8badc42483debf70b0a5"
"False","2026-06-18T10:39:47Z","143","79","1","0xb4b594705d072cb0230495acbe687080844c2f64"
"False","2026-06-19T02:26:47Z","142","79","1","0x0a9100ff165d3dab0c6172a7a2ad06b2e7ca09a0"
"False","2026-06-19T02:44:59Z","125","79","4","0x9c9560071728b2fcc53f96aac2eaaecde2cd3f4c"
"False","2026-06-19T02:25:11Z","122","79","14","0xe629e3e57ba679bfb78e089ba0236f3d2d20d274"
"False","2026-06-19T02:15:35Z","102","79","1","0xbed095080910099be5205b3f992434be0ae8610b"
"False","2026-06-19T02:35:23Z","98","79","2","0xa7fb5ca286fc3fd67525629048a4de3ba24cba2e"
"False","2026-06-19T00:42:11Z","92","79","2","0x7e882ca7460d0ac1267dda57d51e025b51871136"
"False","2026-06-19T02:10:23Z","128","78","3","0x09b92f2a8c01e8c41e47d0649ef9169c4530535c"
"False","2026-06-19T01:57:47Z","80","78","2","0xf817f103331e5fb18420fe9d813442b1b19f7195"
"False","2026-06-19T02:50:59Z","78","78","2","0xd59d53250e6dc0efad7bc1e6b5e6a14f7525a155"
"False","2026-06-19T02:51:23Z","185","77","9","0x2fc617e933a52713247ce25730f6695920b3befe"
"False","2026-06-19T02:42:11Z","180","77","4","0x77e79a62b5e718d57d0313880a7f30542ce64c31"
"False","2026-06-19T01:33:47Z","104","77","5","0x85ff35c389afad21a07adea76b977ddbecfec3e3"
"False","2026-06-18T22:59:59Z","91","77","1","0x030cb494c07a5f8ebce3b6fe5c7e9ace0d96e5d6"
"False","2026-06-19T02:31:47Z","105","76","1","0x8226928c98a456b16300626a053d17b69f79f873"
"False","2026-06-18T04:48:35Z","76","76","2","0x435b2c9e939ef9fd49a92a86f7bc1d03ee57cc51"
"False","2026-06-19T02:44:23Z","182","75","16","0x4c27d34b1477cc7726055ba758fe8f2bf61e7081"
"False","2026-06-19T02:17:23Z","110","75","11","0x7789365d9773e92bbea6e998ebc9389e0eef8c9c"
"False","2026-06-19T02:37:35Z","107","75","1","0xb3970d4e73b0fe4f7a5e92432ea0798f949d32bc"
"False","2026-06-19T02:28:23Z","76","75","3","0xc21e390b6e4cbf4f1b5365dbafb64d755362ff48"
"False","2026-06-18T17:51:47Z","75","75","1","0xe3861f980fca04b9b70a9f11f44e0d281dd2ece6"
"False","2026-06-19T02:26:59Z","265","74","45","0xfe9529b753b412941127fea1981e5ce0a85c101e"
"False","2026-06-19T02:47:47Z","111","74","1","0xf2d60a67f64863b0109e564c1979e7e1b0fe3c51"
"False","2026-06-19T01:52:11Z","94","74","3","0x3e572b10f0c682a229a1781ecabdae7a07844d48"
"False","2026-06-19T02:31:59Z","85","74","10","0xdb861e302ef7b7578a448e951aede06302936c28"
"False","2026-06-18T22:27:47Z","80","74","3","0xd36897ccc2703f49895d95a5280d2c216d255e5b"
"False","2026-06-19T02:21:11Z","74","74","3","0x18204bcdff03c63fc80d03643c13a1bf1082378e"
"False","2026-06-19T02:24:11Z","274","73","4","0xb5f80b0d276bc4ecc2e95f9bd36bc368361f87a6"
"False","2026-06-19T02:44:23Z","99","73","1","0x8c166131f618df34bf997cfbd0082b5f165ede7e"
"False","2026-06-19T02:44:59Z","90","73","1","0x6f29827866ba207d518558ff6ec5d1c9e8899591"
"False","2026-06-19T02:31:59Z","90","73","2","0x9ee397d93c9ee2d64ed0973c93ef71fea54b41c7"
"False","2026-06-19T02:50:35Z","135","72","2","0xd4bddf5e3d0435d7a6214a0b949c7bb58621f37c"
"False","2026-06-19T02:48:59Z","77","72","1","0xc8c960a01ac67c5e1424f7d5afb08a625aff9076"
"False","2026-06-19T01:31:59Z","168","71","5","0xcdd37ada79f589c15bd4f8fd2083dc88e34a2af2"
"False","2026-06-18T23:22:11Z","85","71","2","0x22fff189c37302c02635322911c3b64f80ce7203"
"False","2026-06-19T00:23:11Z","80","71","2","0x3f32cf0b1df94157ee1c3876c49be3732c92a98f"
"False","2026-06-18T14:28:11Z","76","71","1","0xf17bcaf9b9f59484610a6da930fd0279c878e220"
"False","2026-06-19T01:29:35Z","74","71","2","0xbd9b34ccbb8db0fdecb532b1eaf5d46f5b673fe8"
"False","2026-06-18T22:32:23Z","73","71","2","0x6cfa281f6a5b488a89d0caedad0956d9dfa95039"
"False","2026-06-19T02:44:47Z","71","71","3","0x08ce7ce793fb488dfb9c1e5907f9da222f92022c"
"False","2026-06-19T02:49:59Z","190","70","34","0x1157a2076b9bb22a85cc2c162f20fab3898f4101"
"False","2026-06-19T01:32:35Z","143","70","1","0xe1573e4ef81ea3d135759765eb6362b9c3920256"
"False","2026-06-19T02:44:35Z","128","70","1","0xf36c133fc100c2647cefca9c2c1f4656d570647e"
"False","2026-06-19T02:38:47Z","103","70","55","0x61ed4b62e03798305818607c7160b2abff15cfed"
"False","2026-06-19T02:48:23Z","95","70","1","0x224355fca3e74bbb26ba0972a27c874956346626"
"False","2026-06-19T02:45:47Z","93","70","2","0x0c040b09607be51f067566d7216da8e9fe90b460"
"False","2026-06-19T01:34:47Z","86","70","3","0xd4e8d5f8442418ea23e3f1f20e31382090800901"
"False","2026-06-19T02:42:47Z","71","70","2","0xd5e0c1f11a908c067c740301f257e5ec8395dbd5"
"False","2026-06-19T01:58:47Z","100","69","1","0x700e0841ce0892969d2f9cf523c6298b3ef056a6"
"False","2026-06-19T02:23:47Z","80","69","3","0x54b50187becd0bbcfd52ec5d538433dab044d2a8"
"False","2026-06-19T01:42:23Z","78","69","4","0x9d3459f99d60c701fce21ae3758234c80a962d58"
"False","2026-06-19T02:13:11Z","142","68","1","0x6c476c1d8276ff403e885b28be5c9107b9cb56a6"
"False","2026-06-18T15:33:11Z","129","68","1","0x8baf9f822868cd08f992a9f6bc27afcbf6d44b63"
"False","2026-06-19T01:52:35Z","115","68","5","0x4fca851027b52ddcc7bbfad327a31287a00026e7"
"False","2026-06-18T14:46:47Z","114","68","1","0xdbcc3c76b32d8493615512e165ca49204d735aea"
"False","2026-06-19T01:11:47Z","109","68","15","0x28effad61aecf3a9e68aeb2e6d5ab742220aec7e"
"False","2026-06-19T02:44:59Z","88","68","2","0x9642d7845de47ddc2d90df3428c72d2dbbf3ede2"
"False","2026-06-19T02:50:23Z","83","68","2","0x7d0565e5138352b0c162f097e5d5c84a8775ab72"
"False","2026-06-19T02:48:23Z","72","68","2","0x3b897b5433874ac1b314f4d3d1b158a5d2ceebd6"
"False","2026-06-18T20:42:11Z","296","67","1","0xbf7e1eca3572eff464c731a8a8da429800796e72"
"False","2026-06-19T02:38:47Z","280","67","95","0x9b0c45d46d386cedd98873168c36efd0dcba8d46"
"False","2026-06-19T02:39:35Z","237","67","1","0x3b98b9e9cb75c1cb1729aab8f09ced2936505e4f"
"False","2026-06-19T02:35:35Z","134","67","2","0xf226e5258c154974e8b715a96304b182d9bf235b"
"False","2026-06-19T02:28:11Z","134","67","2","0x431f04dc9e0d07c41f4985997a99d4d310ff90bd"
"False","2026-06-19T02:37:11Z","133","67","2","0x376ce1aade78420201e3a1dffa279b4f886fa351"
"False","2026-06-18T14:53:35Z","118","67","1","0xdd00b47d05ee0e69e56ef222e86d73e2bd6226a2"
"False","2026-06-18T11:06:11Z","83","67","1","0xc32fe87f7a9fac2bc96634466e3614a2446dde54"
"False","2026-06-19T02:39:23Z","80","67","2","0x8ebf36fc7b339cac58a724e03fa15535f266dae3"
"False","2026-06-19T01:30:23Z","76","67","2","0xf4241da70734375dff580bfeebf4e5b748424575"
"False","2026-06-18T17:14:11Z","69","67","1","0xd73e8366948a32aab1cc58ea4db3f49d2013adc6"
"False","2026-06-19T02:49:59Z","143","66","1","0xb3a7848a5669fd726caca86321fd1a513db87427"
"False","2026-06-19T02:46:23Z","131","66","3","0x99d10814b601960fa0f811c2c46df7cab7d0caf5"
"False","2026-06-19T02:46:23Z","89","66","1","0x78e44c9d71827498d9f06a8540663ee37bfb7ace"
"False","2026-06-19T02:24:23Z","84","66","3","0xbdc32f01644fe6b67b5a4e474190bcf2c6a1355a"
"False","2026-06-19T02:42:11Z","83","66","2","0x95da0ff99d466b8479fb38f40e88a40aee70da76"
"False","2026-06-19T02:28:59Z","82","66","2","0x88d5c89f6356c8c9c39ed325165793cb41dd1e72"
"False","2026-06-18T08:49:11Z","77","66","2","0x43c17ba5464b72b0dcb8572f50947b69a7b58994"
"False","2026-06-18T21:30:11Z","67","66","2","0xfdfa10c8558b60a9a1b1d66610a6c7cc94aedb2f"
"False","2026-06-19T01:52:35Z","160","65","4","0x549d835356d92983abb76e4cae639f7857963425"
"False","2026-06-19T02:49:47Z","113","65","1","0xd0c7d073e90cb10895277a6104331f5f4a5eaf1b"
"False","2026-06-19T02:37:11Z","79","65","3","0x7d358a3bf85f5d6e5e73828bc6bc02f3fcc3df1e"
"False","2026-06-19T02:19:35Z","77","65","1","0xa72937d0b7745db4a00670a666e1e4e8b0b62e92"
"False","2026-06-19T01:43:23Z","75","65","3","0x6926962fad05e7f0c2c000eaaf542472c924443f"
"False","2026-06-19T02:12:47Z","68","65","2","0x07fad928d97681c8afd7b3a16a7c734edce34432"
"False","2026-06-19T02:49:11Z","162","64","11","0x9938ee74ba7a5c1abcd157272a18fcfc9ec9e8d5"
"False","2026-06-19T02:15:35Z","94","64","22","0x6d0d19bdddc5ed1dd501430c9621dd37ebd9062d"
"False","2026-06-19T02:25:23Z","73","64","3","0xb4fcbddabe0d14e7a9a23d9d5350fcb44b05aecb"
"False","2026-06-18T22:54:11Z","68","64","2","0xa3f56fa6cfd8a81783c416966fab16e93592ab30"
"False","2026-06-18T23:15:35Z","64","64","1","0x3e65eaaf46ae799969d9a30b1ccff834f3b86a04"
"False","2026-06-19T02:49:11Z","151","63","17","0xa29e963992597b21bcdcaa969d571984869c4ff5"
"False","2026-06-19T02:21:11Z","98","63","3","0x04c079bb31deed8391015eed8d6b625a40957058"
"False","2026-06-18T21:12:47Z","89","63","2","0x9dab49ca1b542ef370fb92647ade010e63bc13b0"
"False","2026-06-19T00:00:23Z","86","63","2","0x7c0d181e0f32f4a40189be4e62ea774fe4cd96d4"
"False","2026-06-18T21:41:59Z","81","63","5","0xcacebc09ee91fe63071f261f8bfe74a99ca7ef70"
"False","2026-06-19T02:28:35Z","74","63","1","0x01b6fd9cdbf8ab9b16aff0d64289e324f8108867"
"False","2026-06-18T12:14:47Z","65","63","1","0xf32157fe61323284257156a48796605d2ba21dfe"
"False","2026-06-18T15:35:11Z","63","63","2","0x997ba86490dd7c32965f568fc877e1392a5dd9df"
"False","2026-06-18T23:36:59Z","67","62","2","0x259597c1c4bb8f54bfb772c7c16a6cd9cea596b1"
"False","2026-06-18T18:17:59Z","62","62","1","0x11817239fb49b85026d89319827d2456633ec874"
"False","2026-06-19T01:07:11Z","286","61","56","0x6c1864c54160cf5e593e1b2deb890bea49403172"
"False","2026-06-19T02:27:23Z","167","61","31","0xd3a9d7f2337d1ff5b6a34469052757ac2f271362"
"False","2026-06-19T02:33:11Z","120","61","1","0xeaeaa6d1891037f74ce54db935eef03212e6036b"
"False","2026-06-19T02:46:11Z","114","61","30","0xb9391e439f7f64622732f04bb82c8fa5017264e6"
"False","2026-06-18T09:05:47Z","80","61","2","0x84444174813decfe0bb982c1a6280aed0b8b48ac"
"False","2026-06-19T02:18:11Z","75","61","2","0xaaaed9367e4faf7bccec56ad911587b8da08bda5"
"False","2026-06-19T00:40:59Z","73","61","5","0x7abc7462a3ea3b21e198cb5babf55ae2dbd2760f"
"False","2026-06-18T19:38:47Z","122","60","1","0xb3d6b978d700762acc1e64d8dcf0a661801ef14a"
"False","2026-06-19T00:31:35Z","95","60","39","0x28cc933fecf280e720299b1258e8680355d8841f"
"False","2026-06-19T02:49:35Z","89","60","30","0xf81b45b1663b7ea8716c74796d99bbe4ea26f488"
"False","2026-06-19T02:25:47Z","78","60","1","0x59f4afb192d0bd3fc464dd22e614228d4ed137ff"
"False","2026-06-19T02:31:35Z","72","60","17","0xb7f830845e9f385372ae6fb160aa968908f5bfbc"
"False","2026-06-19T02:05:11Z","72","60","2","0x4f493ee934d30a83b5014724095dce5c1c137aa7"
"False","2026-06-19T02:45:23Z","738","59","119","0x4a4aaa0155237881fbd5c34bfae16e985a7b068d"
"False","2026-06-18T21:12:59Z","394","59","1","0x4ced68db4c87166a5ec6d8c1a6f57944ef4473d5"
"False","2026-06-19T02:25:23Z","99","59","2","0x978e75381d64fb18af7112e42fa76a211a773456"
"False","2026-06-19T02:46:11Z","69","59","6","0xb02d20b5f8b2e13e895472dd1f7886f9f6fc433b"
"False","2026-06-19T02:32:11Z","66","59","1","0xc1be60d9a31493b333c884fcc0fb4c7bed92ecfe"
"False","2026-06-18T08:31:35Z","60","59","1","0xd1c538e88b8436fb1056c44c3fdab028f3a45bb7"
"False","2026-06-19T02:48:47Z","59","59","1","0xd5b921fc6408cdece523dba1cfe08e866f9cc32f"
"False","2026-06-19T02:49:11Z","113","58","1","0x56d943aea92b099228b31f01cd12bd4aa39b4778"
"False","2026-06-18T16:52:35Z","103","58","1","0xe16dba3ab2f55bade2e82e10baf4a6399d338ffd"
"False","2026-06-18T21:21:47Z","87","58","16","0x272a005587224db86c93379bb57b7ba3736b22c1"
"False","2026-06-19T02:11:59Z","77","58","2","0x829d23bc158ae9007839c0960d28e520a0da063c"
"False","2026-06-19T02:50:11Z","67","58","8","0x24eb3a39856723138796c5068a17ba4fb15cd25e"
"False","2026-06-18T22:55:47Z","65","58","1","0xcee8c8a2b48c8d3593fd3bc0b8699b0370bac11b"
"False","2026-06-19T02:41:11Z","63","58","2","0xf379a3d1ab6625eef34347d054cfaeafdf8f24a7"
"False","2026-06-18T21:59:47Z","61","58","2","0xa32b7abef2d87475e1e1e19c950b5f61a0d2477e"
"False","2026-06-19T02:50:23Z","451","57","65","0x0b60c1ee6d01c3d5704eeae6c12552c7a63beead"
"False","2026-06-19T02:07:23Z","179","57","30","0x5b6ec8d7baea094058b49126a03f2a4ff18a64d5"
"False","2026-06-19T00:24:35Z","83","57","1","0xca4bc2199418b379400b3820ceb3c825b5552c6e"
"False","2026-06-19T02:16:11Z","72","57","2","0xa13dcee93c47ea01e9ee43b0487fb26273522344"
"False","2026-06-19T02:42:35Z","62","57","3","0xb582eb03d8ba3a7bd4acb1acf5751a94df87e1c9"
"False","2026-06-18T07:17:35Z","62","57","2","0xe9b20e5b24eacf9a07a93e751f8714eab2d67fbf"
"False","2026-06-18T12:08:35Z","57","57","57","0xcc282e2004428939ee5149a9e7872f0b4d5d5ec7"
"False","2026-06-19T02:29:11Z","240","56","47","0xfc9161b99a3b0691477e12737163d007600ac262"
"False","2026-06-19T02:18:23Z","114","56","17","0x59861265f201088607e691dc3e4e317197cc99d7"
"False","2026-06-19T02:40:23Z","92","56","7","0x1368487bccee27421c5b4a90a437dbb8e8ea11ce"
"False","2026-06-19T01:16:35Z","69","56","2","0x2bb305a75f01bda02222abdab62e68673d72668c"
"False","2026-06-18T20:19:23Z","68","56","33","0xacc2a7f428a0de998e8b57aee28b95e496c59931"
"False","2026-06-18T23:24:11Z","65","56","2","0x2aa57b786984a68a4a98763f350ad4147d644376"
"False","2026-06-19T02:50:11Z","62","56","3","0xaf0e7932774e0722921c0a0a60a1c212379aa595"
"False","2026-06-19T01:58:35Z","321","55","103","0xff8a035ea6c80673f741c2265985ed976a40d390"
"False","2026-06-19T02:38:11Z","77","55","1","0x3b6477d436b0837f700d080eea9f6039120aa091"
"False","2026-06-19T02:50:59Z","74","55","2","0x44a7af2655d4584632297c2cdec252a7488f8451"
"False","2026-06-19T02:21:59Z","69","55","10","0xcc3aaf69bcd84d8095e22c1b4f23d63ccc9c3ccc"
"False","2026-06-19T02:14:35Z","64","55","3","0xc9a24fa24563be6de9f5daa83752facb566c80ea"
"False","2026-06-19T02:46:11Z","62","55","2","0xe9b613b2008298bbfe1765b8f65037dd3e1ebafe"
"False","2026-06-19T02:23:35Z","60","55","1","0x3d33de9c574eeb5d55caf200497427e3b7fbc610"
"False","2026-06-19T02:29:11Z","56","55","1","0xd587385148b85d2f0fdde1bf983f7cb983e06315"
"False","2026-06-19T02:11:59Z","55","55","1","0x42de79ca60907fe55f1873c59cb6567b41cf8499"
"False","2026-06-18T10:08:35Z","113","54","1","0xa0b0fd7f4dee0f87ba25ab904a5ae3bb90f820d7"
"False","2026-06-19T02:41:59Z","76","54","19","0x92d7768adc68aa860e3071d7837a51ddbadfb0d0"
"False","2026-06-19T02:30:23Z","72","54","2","0xedd1ae45b7727fe87bb924abbcbf7a662475f17d"
"False","2026-06-19T02:38:23Z","70","54","1","0x52a3670cb43ce9414535464602f7ad6cfcf5aa94"
"False","2026-06-19T02:49:59Z","256","53","35","0xe92e65049b3c2ca12806e9567b08895118c5a03f"
"False","2026-06-19T02:44:47Z","152","53","22","0x6920322e30e8ab3684bf018b379e455e46a7557b"
"False","2026-06-19T02:13:23Z","126","53","1","0x814612ddee75329c2d0516899c9909f4efdefae8"
"False","2026-06-18T20:06:47Z","93","53","2","0xf12cb88ca0288c9d2340db9c0e3eac503e6a0688"
"False","2026-06-19T02:42:11Z","85","53","22","0xc5d3d8fbad6480f1234e7511a735f5718f2231bd"
"False","2026-06-19T02:31:11Z","70","53","3","0xea3d9b4743e20ce41777149a16e4ec97185d1487"
"False","2026-06-19T02:04:23Z","62","53","5","0x2dca8b8ccfc3686a1ea1ba0c6ee11f15a0e968cb"
"False","2026-06-19T02:36:47Z","53","53","1","0x0698d758d89e2f622f0a0e779be4280f0bbfb2a5"
"False","2026-06-19T02:09:11Z","53","53","1","0x0660d60759d196ee44361525c101454fbb14e225"
"False","2026-06-19T02:23:23Z","250","52","63","0x7d328f5d5f4640f81b2f93d2903ec0a6c030eed6"
"False","2026-06-19T02:27:35Z","231","52","1","0xc4629579f98d0fcae1a21e36f6a29b668a56c95e"
"False","2026-06-18T19:29:11Z","106","52","3","0xbb2a25a0918290c501f793ed12425b3b0854295a"
"False","2026-06-19T02:46:59Z","73","52","2","0xe3399999da1eb2210683b8ceb8b9ae9a9bd1833f"
"False","2026-06-19T02:26:59Z","60","52","4","0x1a2bb95bdf0a97a794ad098ed120b875fc9fa9de"
"False","2026-06-19T02:10:35Z","60","52","1","0x525ae41b15aa498e9be5cf482081094451f9ab74"
"False","2026-06-18T20:35:11Z","55","52","1","0x599ed393998f3f62f0c08daab8b3b7e90a904f85"
"False","2026-06-19T02:31:47Z","75","51","1","0x8081ad28e4e844ccbcbc6cd43e35f8517a3b7826"
"False","2026-06-19T02:50:59Z","73","51","1","0x4e7f8a0da914fa859e87d447b5366c5c1446a504"
"False","2026-06-19T01:37:11Z","63","51","3","0xcccd218a58b53c67fc17d8c87cb90d83614e35fd"
"False","2026-06-19T02:50:11Z","59","51","1","0xf8de787d05033492ea1235a68177d5b48201aa8d"
"False","2026-06-19T02:48:47Z","59","51","2","0x34457ad1d6059e41c5de13947b6ac0a9035cc5e6"
"False","2026-06-19T02:08:23Z","58","51","3","0xc7125da07a7110049ecc68f43bf10de4d45ca84e"
"False","2026-06-18T18:15:59Z","55","51","1","0xaa7c19830fe1919e3c18e0e4f3d7bb4efb4dfe68"
"False","2026-06-18T13:27:11Z","51","51","1","0xdf850d417906f7ea7f918970d9e3ab2ab1ddb500"
"False","2026-06-19T02:50:59Z","263","50","48","0x167a9333bf582556f35bd4d16a7e80e191aa6476"
"False","2026-06-19T02:48:35Z","100","50","2","0x54757f33ab150cdd6dcb172329e4e5da14b33f11"
"False","2026-06-19T01:47:11Z","96","50","1","0x3eba306b6fc21d8d0fb1442c8d5fd08af051bf23"
"False","2026-06-19T02:25:47Z","77","50","2","0xfb183eb452cee258c7e429610cb7d9e2a5fa68ff"
"False","2026-06-19T00:25:35Z","76","50","3","0xd13c37c8240bb41c1218619ec655d12e06ecc187"
"False","2026-06-19T02:48:47Z","75","50","2","0xc962ac0f2645303385a35ae1b7b1defbfd9f26cf"
"False","2026-06-19T02:51:11Z","67","50","4","0x0aecf37a2118e179bacea59fbab4f52c7467626a"
"False","2026-06-19T02:40:11Z","56","50","2","0x6fa1ea065431c5fe3a427c14d3f317d4f718e582"
"False","2026-06-19T02:43:59Z","53","50","2","0x3225a2a326c4063ccfd606a37bcfb0aef1ef199e"
"False","2026-06-18T23:25:11Z","98","49","2","0x605555da72a449ee044567746e2f2c26d7db5bae"
"False","2026-06-18T23:57:11Z","84","49","2","0xf310016d59dc8ca747bb66d0a7d1e8c3745f2192"
"False","2026-06-19T02:20:35Z","74","49","12","0xa78b912ac6e21e6fa8fa4e17f105a50a01234b40"
"False","2026-06-19T01:18:59Z","70","49","1","0xca1ad9c3f5fad67bd60c290b3c8a71987101de87"
"False","2026-06-19T01:54:23Z","68","49","1","0xa88d5469add8117f0e80a027d90ec40e29eaab5e"
"False","2026-06-19T00:09:11Z","66","49","2","0x55b012a58e280096f83ad6be3e06915865a13613"
"False","2026-06-19T01:10:23Z","56","49","2","0xf035430a506e198db618e5546c30d464acdb6040"
"False","2026-06-19T02:27:59Z","53","49","1","0xffab7e0de45d4da37869fc10bb6e8a1573d73fc0"
"False","2026-06-19T02:03:59Z","50","49","1","0x0fba76e24b7c2a1a9f3fd7a4c29b9309f247f76c"
"False","2026-06-19T02:14:35Z","49","49","1","0x1fbb44b5aa20cbad3e7eb0fbfafa400f990fe2c1"
"False","2026-06-19T02:45:59Z","154","48","1","0x815776e6b53cf72c14c53866fc03b79f7de4c4fc"
"False","2026-06-19T02:49:35Z","147","48","1","0xdf8a924ae294643bcba29e98bab1eac88b8737fa"
"False","2026-06-18T22:38:23Z","144","48","1","0x97956bf5aeaca870b78227ccea93429576e549d0"
"False","2026-06-19T02:32:59Z","100","48","23","0x3f26abd79abf01372f28ac058c9531d49dcb1906"
"False","2026-06-18T22:26:23Z","78","48","21","0x4637ac1282a183dcc2e254543437fb6f95bf959e"
"False","2026-06-19T00:17:59Z","69","48","2","0xb2170202b050f0549b9d9733f8258bc917346f98"
"False","2026-06-19T02:48:59Z","55","48","2","0x7dcd575e808bf7e6452567a2d1d0c27bc5239bac"
"False","2026-06-19T02:36:47Z","55","48","3","0x1977d4500e3ff0c1a22eb840a4268f834b5da993"
"False","2026-06-18T22:28:23Z","51","48","1","0x5814e3cd28b29636ebfad6912d10f43df64a140c"
"False","2026-06-19T02:44:23Z","133","47","24","0xee38e2d6568b0f921d216db4b8961a6520024b63"
"False","2026-06-19T02:49:35Z","88","47","2","0x584de5cd64d60606b64ec610412ff46b8407847d"
"False","2026-06-18T14:48:47Z","74","47","1","0xd223ff9e5eb2ee1a73030c9cb1ba542421182499"
"False","2026-06-19T00:26:35Z","69","47","2","0x46b605ba01ce0d7dc930a1adaefcfa93bc648273"
"False","2026-06-18T22:37:47Z","65","47","2","0xde4e4687c06c6e24bfeb5ffc251efd3968bced45"
"False","2026-06-18T23:32:11Z","62","47","2","0xd64ffec0465eddebfe008695b41d62ebcb02ed74"
"False","2026-06-19T02:47:23Z","56","47","1","0xa05d80fb801148f313e42c4e6dce822131d0867d"
"False","2026-06-18T20:31:47Z","49","47","2","0xfd3c493167297a42b82d53bde9564c0845d7e923"
"False","2026-06-18T13:59:35Z","47","47","1","0x508c7419c0b316d82c64fea8457817ec21878565"
"False","2026-06-19T02:20:35Z","531","46","92","0xfed2399b20011af1fc985d5354f12cbc57ed48f9"
"False","2026-06-19T02:50:47Z","187","46","30","0x18a3a7fbee2c00d29eb80ebc536b0c4e0714a50f"
"False","2026-06-19T02:49:23Z","100","46","2","0xbde1148eec7b6939f6d6ccf9aaa020f3c0bcc180"
"False","2026-06-19T02:50:47Z","77","46","1","0xac5c3f5f9b0f47bbcc84fb66e3f40128dcdecc44"
"False","2026-06-19T02:49:59Z","67","46","1","0xf213ac78ca8ff79f54eab193836053eea163f190"
"False","2026-06-19T02:46:23Z","67","46","3","0x8141a8402f2e94a5adb1cd3a2b3a35a6f89d0059"
"False","2026-06-19T02:45:11Z","59","46","4","0xbc1c65c2f6461477db73558d23fe24eca9144ef6"
"False","2026-06-19T01:37:47Z","58","46","2","0x7d94077f58593f8b97c5cab56c8924e13b49946e"
"False","2026-06-18T20:39:35Z","56","46","1","0x54f27d8dcc5db448700256e8f9b109c4d29e37c3"
"False","2026-06-19T02:25:23Z","54","46","10","0xf97deb1c0bb4536ff16617d29e5f4b340fe231df"
"False","2026-06-19T02:48:11Z","53","46","13","0xdd7e7253c73ce7351c6c966bb852d6d552b75469"
"False","2026-06-18T12:36:23Z","49","46","1","0x0d4ca2ff883d429ce4372eeb056efafab181cce7"
"False","2026-06-18T10:34:35Z","47","46","2","0x555f08a1405cccbf8bb15c19b66852e1323458b1"
"False","2026-06-19T02:40:35Z","202","45","20","0x36c1cdb634829d9b2281ad623f3ed4c36b27980b"
"False","2026-06-18T18:33:47Z","62","45","2","0xdf0955ae93f72d656223acf8b83c951f654521a0"
"False","2026-06-18T20:31:47Z","52","45","1","0x81feb86ca6ffbc42b2c388f9498a5b56aac57b58"
"False","2026-06-18T22:39:11Z","46","45","3","0xac6b155b674f85234e315f4f05f92c3281b6b0aa"
"False","2026-06-19T01:54:59Z","269","44","7","0xc4b2d6e7b40f531b64185fd420e16ac749be7b29"
"False","2026-06-19T02:28:47Z","62","44","2","0x9ecd8f274ce4127700b42de33929cdf04f972b75"
"False","2026-06-19T02:05:23Z","58","44","1","0xaeb70cbc59361665dce0e2829c198b3cdc9729f3"
"False","2026-06-19T02:09:11Z","57","44","2","0xa299c04eb002e667bcb6c0d38a024eb5022a5e1a"
"False","2026-06-18T12:22:35Z","57","44","1","0xee6a721e62e1325d68b50d81967728656f17e223"
"False","2026-06-18T23:31:23Z","55","44","5","0xe7c92fe361bbb2bc5602201438508295ebdae61c"
"False","2026-06-18T15:59:59Z","53","44","1","0xa5a56777ceba34662b6f56ceb477fa31a10aaef2"
"False","2026-06-19T02:17:23Z","51","44","1","0xc8700258af18b1667626eb6d1c857552ce56c291"
"False","2026-06-19T02:11:11Z","51","44","2","0xd55023b088cec9a51a5a8954fab6073e750e8760"
"False","2026-06-18T20:59:23Z","51","44","1","0x456ab10f0bf659e39155ef6ff0559cfdbad862e7"
"False","2026-06-19T01:10:47Z","45","44","4","0x007849db50341e18acee281c9a970a183c6c7e62"
"False","2026-06-19T02:49:11Z","272","43","28","0x2340fc21b654a72dbbaf8ac6d4d3f39ed96c394e"
"False","2026-06-19T02:12:11Z","245","43","7","0x1426a00d8a2882e1aa719ebb09dd203107663051"
"False","2026-06-19T02:12:47Z","92","43","4","0xa046fdd5dd224ba5498f7821a757c4b67622db2b"
"False","2026-06-19T02:35:23Z","82","43","2","0x76a14cfcb99180288d7c241c7a72237b682379f8"
"False","2026-06-19T02:43:59Z","72","43","2","0x447a0d1f9f62976ab5231c1412367611af08f4aa"
"False","2026-06-19T02:31:47Z","71","43","2","0xbe51f0d37c4f18fa3816111aad2341e6cd70daa7"
"False","2026-06-19T00:54:35Z","48","43","4","0x10b620f9720c0c6460484a81c59a6297fa48f817"
"False","2026-06-19T01:36:59Z","46","43","1","0xcda286a6a4b76ec9434b86757ead0e7b8f886abe"
"False","2026-06-18T20:11:35Z","45","43","3","0xa191af8e97264f2462e62c470eb2bf3932614ef1"
"False","2026-06-18T17:55:47Z","43","43","1","0x9308a6d0af2091f5393739101a325de255041ac4"
"False","2026-06-19T02:37:23Z","125","42","24","0x96586d96e8bafaa2af5ef37dc95958b9b454f208"
"False","2026-06-19T01:46:23Z","78","42","23","0xde0e4baa56149d7d0fb0cc94e2c82a0fc3387d6c"
"False","2026-06-19T02:11:23Z","71","42","2","0xf78abd170cff445fefe7248336b55e2c18906f00"
"False","2026-06-19T01:27:23Z","68","42","2","0x7c998fdb9e50d5086db50b8aa7e8d5cbee2e7fdb"
"False","2026-06-18T19:18:23Z","57","42","2","0x08b2072d388fa354a4b61c25341707e4fcd56267"
"False","2026-06-19T01:10:47Z","54","42","16","0x7c876bdaa5c038e19f633714f622f6def949b102"
"False","2026-06-19T02:38:47Z","53","42","1","0x73898d539dd9a8097155979bcf556c92a887c210"
"False","2026-06-19T00:46:11Z","53","42","2","0x0dc074ce7f7cd0539ba9ec791d28e6be8de169af"
"False","2026-06-18T11:02:11Z","53","42","1","0x1feee9941ca9ee274907921379717d551b2b8c55"
"False","2026-06-18T18:28:23Z","42","42","2","0x51e3161b8fbbe705564990cc63cceee63b6e372b"
"False","2026-06-19T01:46:59Z","231","41","1","0xf5c3df62b7f41c3959135175ce6f54ed7bbb37aa"
"False","2026-06-19T02:24:35Z","165","41","18","0x68e523302f22abb537b1c8b5674d0f624ef3cfa2"
"False","2026-06-19T02:03:11Z","100","41","1","0x3570ed3e36c1d13a3e6d204e57dc55aad4a3c75c"
"False","2026-06-19T02:08:11Z","94","41","1","0x502d345bac7c5eafa2e0d9140a6d6ca6465e6e77"
"False","2026-06-19T00:04:23Z","62","41","11","0x51971c86b04516062c1e708cdc048cb04fbe959f"
"False","2026-06-19T02:39:59Z","60","41","3","0x155f16487000c813e72c90a3b62c0dc418106570"
"False","2026-06-19T02:31:59Z","57","41","3","0x4c9af439b1a6761b8e549d8d226a468a6b2803a8"
"False","2026-06-18T22:19:11Z","52","41","2","0xc8ca2c90bcb6c088d5e03535a5c9e17897eb53b6"
"False","2026-06-18T20:01:47Z","50","41","2","0xffd0b5110af22b0202237c301348259736477d25"
"False","2026-06-19T02:45:11Z","41","41","2","0xf78234a409b21747f6767ef9fa251f53c0785703"
"False","2026-06-19T02:31:35Z","41","41","2","0x34f279b06ad3a6a55379dd110bdde64c71dc9879"
"False","2026-06-18T23:50:11Z","41","41","1","0x41c3797b3fce1eba5cee6a8b4fa33610d611aa16"
"False","2026-06-18T19:49:47Z","41","41","1","0x11c4fbe93c221fd6d3be84e279cf795a4b354212"
"False","2026-06-18T15:41:23Z","41","41","1","0x1cde8f3d358f8e75100cf1add6bd93f5f3256880"
"False","2026-06-18T14:57:23Z","518","40","2","0xbe78c51c71f431fd8a9362b9c46899ff185499b2"
"False","2026-06-18T21:03:23Z","115","40","1","0x97e080546c70c645ee1dafb116ab9387c6b070c9"
"False","2026-06-19T02:21:11Z","87","40","1","0xf085d0d310d7c285841a6f65d24c1ef20f9fb435"
"False","2026-06-19T02:43:11Z","79","40","1","0x83b1742c70f43c4566bd23ef3357dedfa50a7cbf"
"False","2026-06-19T02:15:59Z","77","40","1","0x211464924de8a4ad8e6b5efaf26ac8f7d66fcab5"
"False","2026-06-19T00:15:11Z","66","40","1","0x982dde419583ac8f28a67a2ee79c4fd03ed8635a"
"False","2026-06-18T13:39:11Z","59","40","2","0xbf46643403942544a3c667457662d9903c0d2ea4"
"False","2026-06-19T02:40:11Z","58","40","2","0x133fa7eda37ba116adcbfc52b96872262e634d65"
"False","2026-06-19T00:54:23Z","57","40","2","0xc3f9c65b32bac6e2c2e486d19ea2973038d8cbc7"
"False","2026-06-19T02:41:23Z","51","40","3","0x52a258ed593c793251a89bfd36cae158ee9fc4f8"
"False","2026-06-19T02:49:35Z","49","40","1","0x302e1f980393469e615fddb6e43d7bfb0d2a1da5"
"False","2026-06-19T02:02:59Z","46","40","2","0xbcfec76dc11f5f5b48a58c605601f89bbb31d086"
"False","2026-06-19T01:07:59Z","139","39","1","0xec1b9f89c516937ef1b7e43f455f05a264d3a859"
"False","2026-06-18T23:30:47Z","131","39","30","0x040d6d590f4deb5013cdfdd7cd0df46ec9fe0f3f"
"False","2026-06-18T22:02:47Z","52","39","2","0x849fc842959fac39d976e8ada7734654eb97bd09"
"False","2026-06-19T02:46:35Z","50","39","2","0x49e7547bc9c5af093eceac012695c5856e2d8756"
"False","2026-06-18T14:14:35Z","46","39","1","0xdb0c456e0e73fa9990ec585c8cc8b041fd58ad6b"
"False","2026-06-19T02:26:11Z","45","39","2","0xa9bff538a906154c80a8dbccd229f3deddfa52d6"
"False","2026-06-19T02:17:35Z","45","39","1","0x285e56fac306d3b9228bca281d3b3836c914c5ec"
"False","2026-06-19T02:03:11Z","45","39","6","0xf6fc530369cbe3ce503ffe986ac5c0828d831a9c"
"False","2026-06-18T23:28:11Z","42","39","3","0x249fe486b4b2f6d85c6d26a10882b15cd8b69d88"
"False","2026-06-18T11:38:47Z","40","39","2","0x70a13f8cddedbc537815450a9a76c17abd6f6dad"
"False","2026-06-18T23:56:47Z","39","39","1","0xca2f4cbe0d87cf5dc06d8e00ca028cdf3c991bea"
"False","2026-06-18T23:50:11Z","39","39","1","0xdff12134680140b7c40347dd0bcc268e57cf47ad"
"False","2026-06-19T02:48:11Z","82","38","2","0x346a15bc419429e1452c0b53cf1174c9114d764e"
"False","2026-06-19T02:31:23Z","82","38","2","0x4e5ae324d39935169cf35721b1fb31ed65d69974"
"False","2026-06-19T01:22:23Z","71","38","16","0x8e2064fe6d66421931a133c799ec9f9f2f3cc9ee"
"False","2026-06-19T01:33:11Z","60","38","2","0x27db048fc27a1685e705a8cbbaff9a18947a4605"
"False","2026-06-19T01:04:47Z","59","38","2","0xa165b28df186def15cd56a3489dda94ea3513a39"
"False","2026-06-19T02:34:59Z","49","38","4","0x9a1dfd705130ef60245d6fc798411f296f641119"
"False","2026-06-19T02:22:11Z","49","38","2","0xaa07527360585b38c0f95e4c8f6535644f1d053c"
"False","2026-06-19T01:36:35Z","47","38","4","0xf8cd17784f425120de2f0d65756d8a707c13d040"
"False","2026-06-19T02:06:47Z","38","38","1","0xb9362e670ca26cfb96731b992bc9e367d0c3831c"
"False","2026-06-19T00:54:11Z","38","38","2","0x48fa5c17545ec1cdaa9dc0d502fc365a9b327647"
"False","2026-06-18T18:18:47Z","38","38","1","0x6647726adcc5b443ba84a146c4ed403740bab301"
"False","2026-06-19T02:24:23Z","261","37","41","0xb46a0f71fded6ceb00b1c9278e0ac7e22c242df5"
"False","2026-06-18T21:22:35Z","165","37","32","0x841ed663f2636863d40be4ee76243377dff13a34"
"False","2026-06-18T22:28:23Z","153","37","27","0x0084dfd7202e5f5c0c8be83503a492837ca3e95e"
"False","2026-06-19T01:26:47Z","64","37","1","0xdaddb5b17af54e4b491ad15816af3b6e0700f7f4"
"False","2026-06-19T00:22:35Z","63","37","1","0x6966175ee3116921e8a2165b6603370148daa059"
"False","2026-06-18T22:39:59Z","54","37","1","0x233ec95c354663e68fae52ddeb17a7ab47edcce5"
"False","2026-06-18T10:40:11Z","51","37","1","0x89cf53403dc9190c90177930858b5914a6634f89"
"False","2026-06-19T02:34:11Z","49","37","2","0xb550c9fcd2bae86f52c5c36952279fa6df218597"
"False","2026-06-19T00:09:47Z","46","37","5","0x11d863b98d882e16be4ba5075e5bd8ffaac6805e"
"False","2026-06-18T23:31:23Z","44","37","1","0x7048dff343c54b21d3bd960db1ff626afe3a6260"
"False","2026-06-18T15:11:47Z","40","37","8","0x2dcbc69ca4d13c232f39fc65d1aa568567c1c1c3"
"False","2026-06-19T02:36:47Z","38","37","2","0x81a261de24e967ed52a79124d14a9ccf3d66c2f8"
"False","2026-06-19T02:35:59Z","114","36","24","0x58e1885adc33d07b1afc16f11463163a1a28cced"
"False","2026-06-19T01:24:11Z","99","36","1","0xcf2d45d5a6542f0f4d51bca54538d4d8e04f0859"
"False","2026-06-18T21:02:23Z","87","36","1","0x478acd399080f35d22f7e19a73ed281ee1131051"
"False","2026-06-19T00:21:47Z","68","36","17","0x85ac393addd65bcf6ab0999f2a5c064e867f255f"
"False","2026-06-19T01:40:59Z","60","36","1","0xc409f75abec029f657623b503a0eb58574945978"
"False","2026-06-19T02:38:11Z","56","36","2","0x4458778901ee64b951d493a9a7e3c713c04ca6a5"
"False","2026-06-19T02:40:23Z","53","36","20","0xbfbe5ae8bdbd0c4e349b717da501e8a159bcfdc9"
"False","2026-06-18T18:55:59Z","46","36","2","0x649cfdaeb87b4e67e59d72c44fff5d813d539cd1"
"False","2026-06-18T12:24:11Z","45","36","1","0xe8bbbf1f57ea4261f91d19dd035811bc1e0edbf0"
"False","2026-06-19T02:05:59Z","44","36","1","0xaa23dc9df59e75b26a6abcd8653c233eb56a94fa"
"False","2026-06-18T19:10:23Z","44","36","4","0x4f15818dc2ae5fa84d519d88cb2caae9cd18ee6d"
"False","2026-06-18T17:12:47Z","44","36","3","0x08433adb412f2dae2aa9837eaed519c7e238908d"
"False","2026-06-18T20:54:11Z","42","36","1","0xac75e4eb86914e3313e6e02bd58680c789038361"
"False","2026-06-19T02:41:47Z","41","36","1","0x24aee57bee69d076fedec0f6396dcc011d2daeb4"
"False","2026-06-18T21:04:23Z","41","36","1","0xdc87455ef96072b3fac9eef822ed4ab15d264dc9"
"False","2026-06-19T02:26:35Z","39","36","1","0x02ab5ebe4ab822a5c04de53d1c29a9a17f9e80e9"
"False","2026-06-18T23:54:11Z","36","36","1","0x1c0144f8af70a768a6fa2f79df847cfeaa2906bd"
"False","2026-06-19T02:49:35Z","263","35","19","0x02c1ea389faf4b1f6c9b6037d83741d268a77c36"
"False","2026-06-19T01:30:11Z","224","35","15","0xed9b240a5fceffa170bba44ca53b5e786449187c"
"False","2026-06-19T02:50:47Z","153","35","1","0x92e115373d8c8f3d07078ac8463991c1c2ba191a"
"False","2026-06-19T02:31:23Z","132","35","16","0xe100bfe431b9bb9c38e585869513bc10df50b69f"
"False","2026-06-19T02:44:47Z","100","35","11","0x7ecad83c191d09ee764cc6d7e1580a102445f6d0"
"False","2026-06-18T21:17:11Z","50","35","2","0x790d46f47a1934229452d8c1e6af1de2c1326ed3"
"False","2026-06-19T02:34:35Z","48","35","1","0x4f4f2758ce7b9bf9f2edc0260ad5d9d3ac6c59fa"
"False","2026-06-19T00:48:47Z","48","35","2","0xd4299c1a5c806c7036befb53712d5281d2907557"
"False","2026-06-19T02:23:11Z","47","35","4","0x46885ae77878136dfda629db5fe75133e443c6f7"
"False","2026-06-19T02:24:11Z","44","35","4","0x621ed6b211e3c6d1e56eec3a0b4e5f355aab3f2d"
"False","2026-06-19T01:32:11Z","44","35","2","0xc0b6736dfeafd71a33abc38de474de5d4e71e7a5"
"False","2026-06-18T21:21:11Z","42","35","9","0x42d17b7f3532ec2f7c4e4e5e239baa476846e2cd"
"False","2026-06-19T02:29:59Z","41","35","2","0x72b2f19f05c8d78ea7bb9fb9fe551f06f31ba287"
"False","2026-06-19T02:35:59Z","40","35","4","0x0e747eb2ff0f26fb77c3a1ea67ee07fac2dbb783"
"False","2026-06-19T01:00:23Z","39","35","1","0x602a4343605f7a7e1ccea9f787357150a07c10a6"
"False","2026-06-18T16:24:11Z","38","35","3","0xdbb511de8885b984e206e042495ecd412dd6b1e1"
"False","2026-06-19T02:38:47Z","37","35","1","0x953c7dc07bd1e01a9c3cd168bc115d4121a86911"
"False","2026-06-19T02:12:59Z","36","35","2","0xf2c3e12ea4a0614317b424f0d090f60a1a5f1216"
"False","2026-06-19T01:00:11Z","36","35","2","0x785458e7afc22375c133166a51be7f414dd364be"
"False","2026-06-18T11:03:11Z","36","35","1","0x4647cdfcec5163bc14e7c7985c77176ca737c635"
"False","2026-06-18T10:25:11Z","35","35","1","0x80efce4de21a235cb1d9745c11516614d63571c0"
"False","2026-06-19T02:50:59Z","119","34","1","0xd47586d827e05810c9642df6071e764d23ef2b56"
"False","2026-06-18T22:16:23Z","65","34","27","0xf7aab787787631d5d180b54b83747e6654e8f6b6"
"False","2026-06-19T02:16:47Z","59","34","1","0x35995d88a44ee79ddcd03478deefbbba815b0769"
"False","2026-06-18T18:06:35Z","53","34","1","0x2ef9fcbabe1b4a8aaf23de832c96c30dfe048bf7"
"False","2026-06-18T21:55:11Z","50","34","2","0xeae4f72981b006d4587e2c1be221d729c5839774"
"False","2026-06-18T21:38:11Z","49","34","2","0xc9d69da62f2f8f6af4ad105c25248702032a1b33"
"False","2026-06-19T02:35:11Z","48","34","4","0xf0d62105ad5c044ac2e46be80d5cb986268ce6f4"
"False","2026-06-19T02:15:35Z","48","34","3","0x65ec76a91f2394b6f7784c40c47effc8ba85f32b"
"False","2026-06-19T02:36:35Z","45","34","1","0x2ce9fbd8cdfed4e9416ae657274733f89410613a"
"False","2026-06-19T02:28:47Z","45","34","18","0xcad8ec0831896be8481d766212a06ff581466f3f"
"False","2026-06-19T02:41:11Z","44","34","1","0xcb8a92431438787c1922d6f8e03f26173f71dd69"
"False","2026-06-19T00:28:59Z","42","34","2","0x33d5033ee79b10d2b5e60da830b58da0d548244b"
"False","2026-06-18T13:43:23Z","42","34","1","0x5fdde043cc5d628bf1b03a74c368d809ec8e478a"
"False","2026-06-18T20:17:11Z","39","34","1","0x546c834af6e6b72e9df6afa9d27b153bcf4b7c26"
"False","2026-06-18T21:59:11Z","38","34","2","0xe00d950ceb4abe6f14f450635c3d05a06321269e"
"False","2026-06-18T21:22:47Z","38","34","6","0x0818126f5b328558ae1810193540516530f4403e"
"False","2026-06-18T11:10:11Z","37","34","27","0x93978ab2d3d621eb84b264b6b5db3177d4d00678"
"False","2026-06-19T01:34:35Z","34","34","1","0xb637832e5be62a4aa78436f1f4a45918ca1d61ab"
"False","2026-06-18T23:31:47Z","34","34","1","0xdd33cb5dbd8158524d3fc415b5668561a396acfa"
"False","2026-06-18T11:34:23Z","34","34","4","0xccc7567683d30e5a529bc4352c4ef4a1f56bd992"
"False","2026-06-18T02:48:59Z","34","34","1","0x4155768d8cf92f90a35c8477aa5c56c30b8ab4d9"
"False","2026-06-19T01:18:35Z","165","33","1","0x1105afaf3002a48a305afd631e3cb57277ceb0ea"
"False","2026-06-18T15:15:59Z","131","33","39","0x5733cc995209e11e3e42479ffc8e9778031cfa06"
"False","2026-06-19T02:51:35Z","126","33","1","0x0fbf26b1f5c048c488ca975a2c13e71af0810f56"
"False","2026-06-19T02:42:59Z","124","33","25","0xdcdddf7bfd551c4b402f9ceecfd10214f3269a5d"
"False","2026-06-19T02:05:35Z","75","33","9","0xb23360ccdd9ed1b15d45e5d3824bb409c8d7c460"
"False","2026-06-19T01:48:35Z","60","33","2","0xecfd6f19d313f3b41f93cb7c9eaa42abe722291b"
"False","2026-06-18T07:49:11Z","50","33","1","0x8041f228d57b6139b3ae56b56b2bc5041a6f7aa8"
"False","2026-06-18T22:39:11Z","45","33","6","0x9a760aa1fe631fd9ac0aee0965736121c7c132cc"
"False","2026-06-18T05:18:23Z","45","33","11","0x6b4b2753fa008d15a2b1872f4ba807c517cb071d"
"False","2026-06-19T02:21:35Z","44","33","2","0x89a6411ee29a20655e5014047737f3dc376e374c"
"False","2026-06-19T02:22:23Z","43","33","2","0xfeb43f43448c695138f4ae4cb5d64e0c780d51dc"
"False","2026-06-19T02:39:11Z","42","33","2","0xd7ecfc81c9c4b878c5caa523d7aa89acbc4e5b30"
"False","2026-06-19T01:58:47Z","42","33","2","0x45babd4a4c16e078e9a440ad7ac2bcef9197ca15"
"False","2026-06-19T01:58:11Z","40","33","2","0x24f7b042a9a47ddfe21ecb1b89925402ef212185"
"False","2026-06-19T00:43:47Z","39","33","2","0x94214ee8238da736efdae649d603c95f293e3165"
"False","2026-06-18T04:43:59Z","39","33","1","0x38ae907e8907f33fc6808fe71a77c057dec7f96b"
"False","2026-06-19T02:00:59Z","35","33","1","0xb61c4b4a94e0fe35c6add087a6131fdd65c4e002"
"False","2026-06-18T20:57:23Z","35","33","1","0x5167503b73a8695dd191c6c3916dccb1b3dd3dec"
"False","2026-06-18T16:09:47Z","35","33","1","0x3a62d5c63aed8de554a88d965ac090f9481ad27d"
"False","2026-06-19T02:44:47Z","188","32","40","0x1a9d699aee3a56ca49d0cc3b542ae3a37885a3e1"
"False","2026-06-19T02:45:23Z","136","32","44","0x035ae7d933dcbfe617ffba194a88af0c2867b90c"
"False","2026-06-18T23:12:59Z","110","32","31","0x19781a65d1c01df413c06037cf95700d6de5ed70"
"False","2026-06-19T02:23:35Z","74","32","1","0xa34d615f888b46e5c4f5fb1e00a2f2189cee2b6e"
"False","2026-06-19T01:40:11Z","67","32","1","0xaf7635d90f4bc6cc650749fae8866d535beaafaf"
"False","2026-06-19T00:28:11Z","57","32","1","0x59d33f720e17b8f9acd3287ff4403d0c0555ff30"
"False","2026-06-19T02:34:35Z","55","32","8","0x97b9d2102a9a65a26e1ee82d59e42d1b73b68689"
"False","2026-06-19T02:30:47Z","54","32","3","0xfb5bd30676c6c3b30e15c9b8a13f66ddf7902127"
"False","2026-06-19T01:18:23Z","50","32","31","0x33e50f50ad27ad3234a822db233bdaf093a1b1bd"
"False","2026-06-18T07:51:47Z","47","32","1","0xc82e9c5c3202fe684d6d0cf3c7738e4e2eb2d853"
"False","2026-06-19T02:30:23Z","42","32","6","0x59e0cda5922efba00a57794faf09bf6252d64126"
"False","2026-06-19T00:25:35Z","41","32","1","0x7e926a2b1ad7adbb92bcdce591bd2fd5af8bed42"
"False","2026-06-18T21:38:23Z","38","32","1","0x3d681887e0dfb53550eace8f78b07cfe16a7e78e"
"False","2026-06-18T17:22:11Z","38","32","2","0x5d51f9146933ca71fc26d473c09a33759bd5c51c"
"False","2026-06-19T02:48:47Z","36","32","1","0x58f25fa92926a512848567848f7624f449939cff"
"False","2026-06-19T02:34:23Z","36","32","2","0x781e116b1ac666d58446e6659160bc561f369203"
"False","2026-06-18T19:56:35Z","35","32","1","0x05b7374888c4f1da59669223e35b488274132480"
"False","2026-06-19T02:02:11Z","34","32","2","0x7eb87a95948348d6ec7231b52f61281e01d53941"
"False","2026-06-19T02:35:11Z","33","32","1","0xe516272a64941f30dc1f9e06756f6f38a0d6565e"
"False","2026-06-18T21:48:23Z","33","32","1","0x6c3fc6a66e0908e6581830600b71e7a9c5b7868d"
"False","2026-06-19T02:23:47Z","32","32","1","0x6e767449c39a3f7a13da0e94b9467b0e96af0107"
"False","2026-06-18T19:45:47Z","32","32","1","0x1b9b5256b8e048c55e8369e2bcc7a7656e88de31"
"False","2026-06-18T19:21:23Z","32","32","1","0x728ca0a3fe4daec5987db361ff0fa4bd42abdf86"
"False","2026-06-18T09:30:35Z","32","32","1","0x9f7dc2763ac322dd19ff2d8815b7799b4a16a717"
"False","2026-06-18T04:21:11Z","32","32","1","0x561ebe2e69191b4af998e8941970277f71844171"
"False","2026-06-19T02:45:23Z","523","31","21","0xf59748f52407c13dfaa34e0468e1db165196abcd"
"False","2026-06-19T02:49:35Z","207","31","20","0xb83630849c8a2bcb3a04062fedd015d7d67febde"
"False","2026-06-19T02:50:47Z","127","31","1","0x1374c776ead9084bb48568a3062cafa1d2477617"
"False","2026-06-19T00:26:35Z","93","31","3","0x41499e67d669851510e9d1df628cd2ad0758334a"
"False","2026-06-19T02:47:47Z","82","31","15","0x149ed2cfbd209af29514147ed9c478cb84e2e2d8"
"False","2026-06-18T23:41:47Z","75","31","5","0xdb92e6eddfbe56ea158b32de3e4b8947216cc437"
"False","2026-06-19T02:40:23Z","63","31","6","0xf84cf6dfc260b37e58936fc5bd38a55ad00b851a"
"False","2026-06-19T02:08:47Z","62","31","1","0x8fb326ae9a1702b3b6eabe43e57761ebc1a2ecaa"
"False","2026-06-19T02:50:35Z","61","31","1","0x6ad8dd860ce3ad604d0af75c7c61953b66d5bb05"
"False","2026-06-19T00:22:35Z","58","31","20","0xf0bc8fddb1f358cef470d63f96ae65b1d7914953"
"False","2026-06-19T02:06:59Z","53","31","1","0xbe7be7023902f09cc28f0101a3e6e313bf2bc626"
"False","2026-06-19T01:00:59Z","50","31","1","0x39b3f81c533f41baf6afc22ba78f6843940ccd27"
"False","2026-06-19T02:05:35Z","49","31","4","0x47da741e9fada9aff75c0f2df69e9cd2b216b225"
"False","2026-06-18T20:59:23Z","47","31","2","0x1b25470aa08ba2869b33c6e42d4951cdb511253d"
"False","2026-06-19T02:49:59Z","43","31","2","0xddbd8ce3c81f5ac41d5f1db6ab91cd2fbd144d8f"
"False","2026-06-19T00:35:23Z","43","31","2","0x00ac5ff8889dca2970f5703d0883e1b9e2fc8643"
"False","2026-06-19T02:04:59Z","42","31","1","0x7f555db90c0698c74a4c325296fbbedbc81912e6"
"False","2026-06-19T01:30:47Z","42","31","2","0x81dbcc22c0f7999e09ff2546f8f73ba55d4e4e59"
"False","2026-06-19T02:47:23Z","39","31","3","0x19e38067cfabac589d2852d07d41bf9ee05ac688"
"False","2026-06-18T20:32:59Z","39","31","2","0x77ebdef9dc7161a4a706cd387153b35c38527400"
"False","2026-06-19T02:44:59Z","37","31","2","0x01f4a299c50dde4de7088906b34acb6cfcdfd400"
"False","2026-06-19T02:01:11Z","37","31","2","0x938ad29920abd82842d5acc6b7b4fb4af9e83c8e"
"False","2026-06-18T22:43:11Z","37","31","2","0xf748966b3ab06e599d548cf0d9fbbb40f2242b02"
"False","2026-06-19T01:54:59Z","35","31","2","0x061f41af2640b4d69d9662850e9d72b7aba8b6d9"
"False","2026-06-18T12:03:11Z","35","31","3","0x0e2e6c99c94bba08fb46304cc41feba4a42de6b1"
"False","2026-06-19T00:41:23Z","34","31","1","0x3f8633560d6a7f517776cdb7d9d41dc0f9157f1c"
"False","2026-06-18T10:16:11Z","33","31","1","0x21fe25d9040e3f47812aff5b2b5ef470b295a25c"
"False","2026-06-19T02:47:23Z","32","31","1","0x481280ff0d0836707a5ef04410d4e1c87d14aa74"
"False","2026-06-19T00:31:11Z","31","31","1","0x2d353317a64db93d07f99468ef455aa5fe274f57"
"False","2026-06-18T23:29:47Z","31","31","1","0xb30de9d94f0e9433f4d3ddc5bf043c380b5338c6"
"False","2026-06-18T20:19:23Z","31","31","1","0x65392d6cf31033df377af1fc7fe4988cbcbb376b"
"False","2026-06-18T20:14:23Z","31","31","1","0x5911d9c0052e667500a6a0ef0b1e44c0401ecce7"
"False","2026-06-19T02:32:35Z","96","30","1","0x8267c0c1f222ab0fa7ac39a9aa5d4fa50c19fcdf"
"False","2026-06-18T21:20:47Z","58","30","2","0x8b23c80a43e565d6a6ffa27500580894de11875b"
"False","2026-06-19T01:53:35Z","40","30","4","0xf140ddebb4caba6838c63617105dc2dd2964a3fd"
"False","2026-06-19T01:15:11Z","40","30","2","0xc6acb31e4ca908a32d1bc76827ca23c238be2b53"
"False","2026-06-19T01:40:11Z","38","30","1","0xad63cf0b1a1de6772d5f1fda9cb411cc96e55598"
"False","2026-06-19T02:14:11Z","37","30","5","0xc7f8df7b32cb89bb4ea5673f04695b87ed11f9b9"
"False","2026-06-18T17:35:47Z","37","30","1","0x513c39db925b126366c201a1dfe454bc3cb98bc4"
"False","2026-06-19T00:47:47Z","36","30","1","0xdf5e3a1ed0c14a53eee240022301ecb9d267671b"
"False","2026-06-19T02:32:35Z","35","30","1","0x246ad14ce08fd305f488cc5f073cc40f7111c2de"
"False","2026-06-19T00:44:11Z","35","30","2","0x30238b895c21fb98d8f776ebbfa7a149d6d1d01e"
"False","2026-06-18T19:03:47Z","33","30","2","0xad9f08d344edefe01bc525b52d72d1569ab68c0c"
"False","2026-06-18T22:04:59Z","32","30","1","0x9c8f92bddf72b5b36eaa4ea7f3d581cec0802c13"
"False","2026-06-18T23:51:11Z","31","30","7","0x80c569caadf4f01da1c61827eaed82190a38ed49"
"False","2026-06-18T22:48:23Z","31","30","2","0x39da879abe8ff3dded64b5c587f4a8f2a17dc55e"
"False","2026-06-19T02:10:47Z","30","30","1","0x9818c85e8d74f034679a93b857a4796c0ada8b15"
"False","2026-06-18T13:53:47Z","30","30","1","0x28b11177ae30e0589142abba7f564888b965a430"
"False","2026-06-18T10:51:47Z","30","30","1","0x4735810254b72540bbeccdfc203259bfb348e6e6"
"False","2026-06-18T06:49:47Z","30","30","1","0x23776e53ac37883f4128ab0a0dd075427d1b097a"
"False","2026-06-19T02:13:35Z","357","29","58","0xbe0562201362d5adea1b0c678406d70432d33d8d"
"False","2026-06-19T02:49:59Z","172","29","91","0xe95b0243a5c5e6fa4b8f34cb525a64e6a1b9aec9"
"False","2026-06-19T02:51:11Z","102","29","1","0x1f127f7d5527f3840a34a5edda97be3a91ca5b25"
"False","2026-06-19T02:45:35Z","99","29","1","0x3230fb3453d1522a64603516c84d6e6c00c3838e"
"False","2026-06-18T17:02:11Z","92","29","33","0x14e51143b3a5de4b4ec392680010e170c458ecc8"
"False","2026-06-19T02:41:59Z","88","29","25","0xf3aac0ce294a96b1703b9b93d393e6d240b6bd98"
"False","2026-06-19T02:25:59Z","59","29","2","0xc0fb9ff2884e97cee36d74adc5f6fe8015516e91"
"False","2026-06-19T02:41:35Z","50","29","1","0x64e3a0dec4e6efa0cc4ce517fc2fc92479b5bf7e"
"False","2026-06-19T02:34:59Z","46","29","2","0x56fd1e9eb5d824953774348807842b1bbdb786ee"
"False","2026-06-19T02:51:11Z","43","29","9","0x5056c2ac3a10771a52bdbddf679bf2aaea6f99b6"
"False","2026-06-19T02:24:59Z","41","29","1","0xa67f381eedb82ab46f2aa79f09b7bb38135c8615"
"False","2026-06-18T23:01:11Z","40","29","1","0xa6e3821076014f563486806d2b772a5049d41e74"
"False","2026-06-19T02:39:59Z","39","29","1","0x9f006a5328d2f5fd44bbb728168620ba60863a70"
"False","2026-06-19T02:50:11Z","37","29","1","0xc831bdac82364f2145a6838fd998b5c88ca663f8"
"False","2026-06-18T12:55:23Z","37","29","1","0x632996379e12a6c5839db843aa1bee051c89d5f9"
"False","2026-06-19T02:51:35Z","36","29","2","0x35d86b912d7e0c3bcf42941a0c9db4d2da79a243"
"False","2026-06-19T02:27:59Z","36","29","6","0x122f90062549ff778806a15fa3b2a66973b9ea1c"
"False","2026-06-19T00:01:59Z","33","29","2","0x58c42647eb2cee1686c3ca596e31dd69a8c993d1"
"False","2026-06-18T22:00:59Z","33","29","7","0x2f1f7fc76e6cf5ab3e186a2a2fd4fc31952a77cc"
"False","2026-06-19T01:51:11Z","31","29","1","0xf2ee2927ea04458de14ff56842bdd941e34e0577"
"False","2026-06-19T01:06:59Z","31","29","1","0x83f155cfc5f0c29841ed5d0ab7e83c36753fbbf5"
"False","2026-06-18T13:46:23Z","31","29","1","0x32462a330e4c7342345f7930177a6eb5361307e9"
"False","2026-06-18T22:35:35Z","30","29","2","0x2b55221424c4cbdc4b69f67e2bef1b450d69b76b"
"False","2026-06-18T18:37:23Z","30","29","1","0xfb79d53d831ea3bcaf9f341dc671cbef11c6016d"
"False","2026-06-18T12:47:35Z","29","29","2","0xe7735d3ddb3dd89c5c9d07c94c03bafe09ee8ccd"
"False","2026-06-18T10:12:47Z","29","29","2","0x31029289e18172d0dbed7bd99285d5a2e7dcf309"
"False","2026-06-18T21:00:11Z","279","28","1","0xf2932975828265d6239883579b3131232c40b3ea"
"False","2026-06-19T02:22:47Z","205","28","40","0xee845948e6806d12e966137caa07d49bbe632fe3"
"False","2026-06-19T02:24:59Z","76","28","3","0x8aa8d3ebba34ea71b60b42bfaa3c054930d18f0c"
"False","2026-06-18T20:14:35Z","68","28","2","0x8fee9172e658bfd7817c577b70dc23da2056475b"
"False","2026-06-19T01:45:35Z","67","28","22","0x708e7bad92dcd97e0ff875864c90e7b63fc1f457"
"False","2026-06-18T14:58:35Z","59","28","1","0x5735e7d200e0bb240316665a00b3986327ff1b7d"
"False","2026-06-18T19:22:59Z","44","28","3","0xac43bc0f7421a0dbf78d4ff7d4483ddcb2365c2e"
"False","2026-06-19T02:06:11Z","39","28","4","0x446ed7a8f70011db648451c668317e9c7390a7d8"
"False","2026-06-19T00:56:23Z","37","28","6","0x1616b057f8a89955d4a4f9fd9eb10289ac0e44a1"
"False","2026-06-18T16:59:11Z","36","28","1","0xc29a8b4baec223c4157b029f5aaf773a83892e6b"
"False","2026-06-18T15:56:11Z","35","28","2","0x5e298fe20801de10057296b04f64db502974494f"
"False","2026-06-19T02:34:23Z","34","28","2","0xa59942290bb5dc565324029db09d0de08ebd2f3d"
"False","2026-06-18T21:43:59Z","33","28","1","0x6fc84ccfedb0e4f3db2c8ac301fa72bd56882eed"
"False","2026-06-19T02:42:47Z","32","28","2","0x98832eb54942c623cf47c4186ebad9f10a99c716"
"False","2026-06-19T01:44:47Z","32","28","1","0xb129780d53675857dccefa0d2737ab2541b9f274"
"False","2026-06-19T01:19:35Z","32","28","2","0x4f9e9d9a6550d6c891319e26aa81ea8899e4e6d0"
"False","2026-06-19T02:39:47Z","31","28","4","0x332ee6d5341f0bd3c69f259e164eef5eab6530e2"
"False","2026-06-19T02:05:23Z","31","28","1","0xe37a107504c3140eaa9663954fbcd779607bc08e"
"False","2026-06-18T17:48:11Z","30","28","1","0x542041c0bc1965017acdd5da57eb93b6ffdfca2f"
"False","2026-06-18T13:53:35Z","30","28","1","0x2db23ec6775118ab189af44944ab8ef9ef52162b"
"False","2026-06-19T02:46:35Z","29","28","2","0xf1f18372387038b7a31c91353a6aa6f45f9667db"
"False","2026-06-19T02:27:11Z","29","28","3","0x4e4e2723b51bcb08bb0553928ce6e6767f0de4bb"
"False","2026-06-18T23:58:59Z","29","28","2","0x4e565f63257d90f988e5ec9d065bab00f94d2dfd"
"False","2026-06-18T12:50:23Z","28","28","1","0xd2a048428f72c45c5eef9c8bf2b8533fe3cfab48"
"False","2026-06-18T07:55:23Z","28","28","1","0xf9addac8f15fffe2456ca1dfc89c18e06bf7b597"
"False","2026-06-18T07:23:11Z","28","28","1","0x76543bddc37cca543286c7c9c22bd2b32df7b866"
"False","2026-06-18T03:01:47Z","28","28","1","0x672ecbcd680850c1a7923ed78a99e05550d2f333"
"False","2026-06-19T02:33:23Z","340","27","31","0xeae7380dd4cef6fbd1144f49e4d1e6964258a4f4"
"False","2026-06-19T02:39:11Z","234","27","43","0xb180647d5ad76abeb6be0d363f6e182bd8df46d1"
"False","2026-06-19T02:50:59Z","216","27","11","0xd9b1d34494f7fc317c31e825a4039d14ff4d0f49"
"False","2026-06-19T02:51:23Z","96","27","1","0x2628cac51d5bffca6df89745dd829510bbe3b915"
"False","2026-06-19T01:58:59Z","91","27","38","0x0529ea5885702715e83923c59746ae8734c553b7"
"False","2026-06-19T02:18:59Z","79","27","13","0x91c68c4b63bb852cd4357b8940dbe3edcab757c2"
"False","2026-06-19T02:40:35Z","71","27","5","0x316fb96cbe2fb52dbe679d75b928fcfad858241b"
"False","2026-06-19T00:24:35Z","58","27","19","0x84b38bc60f3bd82640ecefa320dab2be62e2da15"
"False","2026-06-18T23:58:11Z","55","27","15","0x8c795060e7a0d4304d1f565c61480fad3cf0e025"
"False","2026-06-19T02:07:23Z","52","27","15","0x64c78463de0ec607ca47a192cb3e73ecec0894e8"
"False","2026-06-19T02:16:23Z","47","27","3","0x72f89eabd8672f851f39a4631bf936575c7b3ffc"
"False","2026-06-19T02:43:59Z","44","27","1","0xb59f2e4dc189e53a199a76cfb40c14782b464661"
"False","2026-06-19T01:50:11Z","40","27","1","0x3355dc318320176e04a5603c46c6d88e817d9f79"
"False","2026-06-19T02:44:47Z","34","27","3","0x45909af706414af510021448bfcff4218abcf588"
"False","2026-06-18T13:44:59Z","34","27","1","0x7a1b5319103733205d3862dc15753b7325532254"
"False","2026-06-18T22:37:59Z","33","27","2","0x29b631eb0e469aadf9c23a92e4566dc1144de2d0"
"False","2026-06-19T02:15:59Z","32","27","1","0x8549e82239a88f463ab6e55ad1895b629a00def3"
"False","2026-06-18T19:11:47Z","32","27","13","0x643ad6f3b44e0eab4fcf62c8e2774fcd3478c54f"
"False","2026-06-19T02:15:47Z","31","27","1","0xdcb06632e7611d632bdb1c8dbd3abcd9d6947e93"
"False","2026-06-18T23:08:23Z","31","27","2","0x47713cb34fabd63b39d7c5c6f675dca39d22762b"
"False","2026-06-18T16:20:35Z","31","27","2","0x6770ff44090735ad89a49ef44e298135aba12f75"
"False","2026-06-19T02:01:35Z","30","27","1","0xb1151716edeabec2224435aaaa7e1e04f0bc262e"
"False","2026-06-19T01:59:47Z","30","27","2","0xb6b49a4f22ed8a5c0b7b8fedcd703a15166f5e1c"
"False","2026-06-18T14:39:11Z","29","27","1","0xf45765591f6b8f2b27cb767e3b2bea82c7e69cff"
"False","2026-06-18T15:52:47Z","28","27","2","0x897d125b43a7f8e8df85297c3be2b9ebd738f515"
"False","2026-06-19T02:36:47Z","27","27","1","0x53dc2413d5b8178bb96c216f706eb2224dfcab10"
"False","2026-06-19T01:54:11Z","27","27","5","0x3ddb5d1247adc837cec3ba81edc923a4a230aa8f"
"False","2026-06-19T00:41:47Z","27","27","3","0x718861ad6d898f101c1b60987dc4a08020b304f1"
"False","2026-06-18T22:57:23Z","27","27","1","0xf80aae0a202ec7057f541209cffd689a4701acb0"
"False","2026-06-18T04:14:11Z","27","27","1","0xf8bcefde3f4c11bd766eab6065c2c884376fef0c"
"False","2026-06-19T02:50:47Z","963","26","94","0xb1b2d032aa2f52347fbcfd08e5c3cc55216e8404"
"False","2026-06-19T02:49:35Z","209","26","1","0x0fa60e8a38f17d10760d2afbe62c4b181847fbc8"
"False","2026-06-19T02:49:11Z","69","26","16","0x7793219333ed955a779f86c9e75d4e5e2720188d"
"False","2026-06-18T15:50:59Z","66","26","1","0xa6f19d048a432f4c3891c5f178cf462b25a00903"
"False","2026-06-19T02:19:35Z","56","26","1","0xdc33602f8d07139686eeaa5a8b0f493c73be2452"
"False","2026-06-19T02:51:35Z","55","26","7","0x8cbad60b6894b46c1f2f062c8ef3711c514b5563"
"False","2026-06-19T02:30:23Z","55","26","2","0xde6b654f5c73a702247a24f742a91a1faf2c3e63"
"False","2026-06-19T01:50:11Z","50","26","2","0xa7c3580ed9d7f8fc45a3afedeffca0d140dd6cf3"
"False","2026-06-18T14:12:23Z","48","26","2","0x13ce504c6ba892043a005e95e8e6cabe87679357"
"False","2026-06-18T15:56:23Z","44","26","1","0x2ebc50e7f4e596df9f6966d64d1373106c1c8ff9"
"False","2026-06-19T02:16:59Z","41","26","2","0x8108a17d2d7f6f1bcf59a70b676b77efe9f6c654"
"False","2026-06-18T22:27:47Z","41","26","2","0x8b4ec26384bf34b9a81d412a40913dcb107038b8"
"False","2026-06-19T00:04:11Z","40","26","1","0x969f38e866d0144fd55febcef6bb681b5db65f0f"
"False","2026-06-18T22:29:11Z","38","26","1","0x88354976bbcaec2d1579a6a88356800a46ace84a"
"False","2026-06-19T02:37:23Z","36","26","14","0xd8fbf265269dd7b4d6ed27866caf0f0568900811"
"False","2026-06-19T01:00:11Z","36","26","2","0x70bc07409497592ebf4c503ab23e79ee96e7e97f"
"False","2026-06-19T02:46:59Z","34","26","2","0x36feffb5fdafa34d7b0d0076c2681a2ea95ec63e"
"False","2026-06-18T22:20:35Z","33","26","1","0x9dd9da5666e58541d7934d6d14ff0c78a9430e04"
"False","2026-06-19T01:48:47Z","32","26","1","0x970d82aef119b99bc94213e592fe43812ec59a59"
"False","2026-06-18T19:03:47Z","32","26","2","0x1f5d8c61e0580290df1052c0629b790f6ff6fd2e"
"False","2026-06-19T02:43:11Z","30","26","2","0x01ac1e11ed30024fe38c6bded8f810774498482b"
"False","2026-06-19T01:30:23Z","30","26","2","0xfa7afb6b2ba1a3b98a94688b0d1abd8588c867f4"
"False","2026-06-18T23:31:23Z","29","26","2","0x6d3bdaae2cdf665c033cd5197e5777c6e07200f8"
"False","2026-06-18T23:52:47Z","27","26","1","0x4bddb4ab466145708b13a2123705242d126a0c3a"
"False","2026-06-18T20:33:47Z","27","26","2","0x4168bec2fec0302009a8e1fda6fd7319cdea0504"
"False","2026-06-19T02:13:23Z","26","26","1","0xa35afce6c182d2f921f716628f2c609249b8c43b"
"False","2026-06-18T17:29:23Z","26","26","1","0xc7d559843b9cd61d1ff56b4ff6203d9d6d89bee4"
"False","2026-06-18T15:21:59Z","26","26","1","0x87103a8adb52857291a40d67c368c25614e7f1ea"
"False","2026-06-18T06:03:59Z","26","26","1","0x101466f9e6738a9ddb3d0543ce407e69141070cc"
"False","2026-06-19T02:51:35Z","472","25","1","0x12171dbabf5b0915cc27659d828db5a629ecb784"
"False","2026-06-19T02:48:47Z","309","25","70","0xbf123a673c8cfee6a31f3a7ad24259489c4261f0"
"False","2026-06-19T02:50:59Z","123","25","19","0xa178833382cea99ba6488ef938b8de79db26b229"
"False","2026-06-19T02:40:59Z","113","25","10","0xfd30e6849638c895cd34b7af5215ebc40c5ae531"
"False","2026-06-19T02:22:35Z","66","25","17","0x4f3207e2078ec9b118396f05243900b13e54a873"
"False","2026-06-19T02:32:59Z","64","25","17","0xdd95d5acc5225520f82023446669a214a422f698"
"False","2026-06-19T02:00:11Z","58","25","13","0x300226f054150e787a797f1fd07f0e38a4a655f4"
"False","2026-06-19T02:49:35Z","57","25","1","0x1606c39bc3880dfe811c3904349ef3618cafc92a"
"False","2026-06-19T02:06:35Z","52","25","9","0x4bf9663370a10a8ddef5f68748700e1fbe3ee8c8"
"False","2026-06-19T02:12:11Z","51","25","2","0xb9e7d2182013dcc8d3003beb1741371feccddb76"
"False","2026-06-19T01:42:35Z","50","25","1","0xf8a01abf67c58d734065d2e7ff94a28110d9b7a0"
"False","2026-06-18T22:44:35Z","50","25","1","0x08d2120e0f3186f8142952d2f7b956bf5277bb8c"
"False","2026-06-19T02:31:11Z","49","25","1","0x1d08203ffcfd86c9f39d70873a33e8f5dcdc79b9"
"False","2026-06-19T00:03:35Z","47","25","1","0xced605f73627fc5b6d7890d111670abf7f449443"
"False","2026-06-19T02:25:59Z","46","25","1","0xe1964441f5ea9cbbadc83df9f8f682ebdcf539da"
"False","2026-06-19T00:19:47Z","46","25","2","0x9ed98f838adc13c965f24f1a0956cfd86da3e812"
"False","2026-06-19T01:20:35Z","43","25","1","0xc6c6a48ee8e9f593724161c72414d76e94cda93f"
"False","2026-06-19T01:30:11Z","42","25","4","0xe5c69ffdbd275b53684e06b44ab5abb2bae9c233"
"False","2026-06-18T20:23:47Z","35","25","2","0x2bb51a7dd19ddb026f2dc6daea421ac1ea884385"
"False","2026-06-19T01:16:47Z","34","25","1","0x3a4b7757ad59d3eff66138a7593ac445409de0ec"
"False","2026-06-19T00:58:47Z","34","25","2","0xe1fe016eb2fba65e991bef0c5061a1cef5280181"
"False","2026-06-19T00:20:11Z","33","25","1","0x5815c81c1d2fb0f8eb89fd2c454945fc7803dab0"
"False","2026-06-19T01:01:35Z","32","25","2","0x2bcb220424cd70edca4847cb87ef77e354c91ebf"
"False","2026-06-19T00:07:35Z","31","25","1","0x43e4e14a7f38efa84c3c631b5d845f4ece71d198"
"False","2026-06-19T00:22:35Z","29","25","2","0xcd57862b43a881a5dd031295f981d286862cbdda"
"False","2026-06-18T20:23:47Z","29","25","2","0xa6e2d11b715dda846ce18fc677dc5aeb4a89a6cb"
"False","2026-06-19T02:21:59Z","28","25","1","0xf5913fc29c11202bb01d5ed0eb0f335f6e5e993c"
"False","2026-06-18T17:22:23Z","27","25","1","0xbbf3aa233f1ae8445e54a0d9417139a971f335b1"
"False","2026-06-18T21:21:59Z","26","25","2","0x11336546d91d0ec0f004bb10c67ec3d80ff5d856"
"False","2026-06-19T02:09:23Z","25","25","2","0x653b08e3eeb9795b879e35b6f0131ee030b32925"
"False","2026-06-19T02:49:35Z","310","24","47","0xc1c4a5c41b62989acdbb9a11bbab668158f5d481"
"False","2026-06-19T02:07:47Z","239","24","51","0x0c7e8f71ccc08385977b7a51e037acc6293c1ad2"
"False","2026-06-19T01:33:47Z","201","24","21","0x95ec0051bd1f6ce5184970669c10116e47949dd3"
"False","2026-06-19T02:50:35Z","166","24","14","0x1c3efc3368efb9cc727ec31dbca4f931d00b4f5c"
"False","2026-06-19T01:48:11Z","94","24","10","0xa294cca691e4c83b1fc0c8d63d9a3eef0a196de1"
"False","2026-06-19T01:17:23Z","79","24","27","0x66e092fd00c4e4eb5bd20f5392c1902d738ae7bc"
"False","2026-06-19T01:37:59Z","69","24","27","0x5e83b45dd143d4c3ccfd760749692c792eb9237f"
"False","2026-06-18T23:36:11Z","68","24","1","0x26249a094ac4af105020793b6d3fc8240a6a9834"
"False","2026-06-19T02:50:47Z","53","24","29","0x8652767d52054d2cd29343369b19ba357f46869d"
"False","2026-06-19T00:56:23Z","49","24","8","0x5797f722b1fee36e3d2c3481d938d1372bcd99a7"
"False","2026-06-19T02:13:47Z","47","24","1","0xe896adef9a0a69acedcbb89e4fe240f3494dae38"
"False","2026-06-19T01:09:59Z","47","24","3","0x65da3bec0c60a93a123fa33387d2241140e08f9d"
"False","2026-06-19T02:22:59Z","46","24","1","0xac7cfeeebb9944b3d5ba02162ad6b9a79e61c35a"
"False","2026-06-19T02:31:11Z","42","24","1","0x3246610954208aff796d359cd528c4a93e2ddd5f"
"False","2026-06-19T02:50:11Z","41","24","2","0xac21e52fd16fdcecff951c5a43069da681445c77"
"False","2026-06-18T23:00:35Z","41","24","1","0x3c9fb15699babc313db9d5ab96fed26c6a8a3b14"
"False","2026-06-19T02:30:47Z","38","24","2","0xd696e775410ba1e8f79cd45631724783fa10c060"
"False","2026-06-19T02:00:11Z","36","24","2","0xd9ecdefc3bfe0664975a8babc46df33073099a19"
"False","2026-06-18T10:27:35Z","36","24","1","0x153e9afc5e6a1166e6cc89d8493f162c45e5cc62"
"False","2026-06-19T01:44:47Z","34","24","8","0x916ed5586bb328e0ec1a428af060dc3d10919d84"
"False","2026-06-18T23:16:11Z","34","24","1","0xf33368d19b095242f287b1264e97f51e29333301"
"False","2026-06-18T21:03:11Z","32","24","2","0xac4755bb587263b76be5cd5ea0e347a38a04a1ed"
"False","2026-06-19T02:51:35Z","30","24","1","0x26356dab4bc8ae8e0c636e08bd0a8255c505833e"
"False","2026-06-18T21:47:11Z","28","24","2","0x49cd768c8251aea38fa07eec4f8b9b20b3517d01"
"False","2026-06-19T02:42:59Z","27","24","1","0x7c0f5861f7ebd94fa614383cc6ff733372fcf7eb"
"False","2026-06-18T13:55:23Z","27","24","2","0x005ad9b93955bf76d180c66f33fe84bd0f3310b5"
"False","2026-06-18T22:47:23Z","26","24","2","0x8d56e0e3847148019da2948b1ed6bf89924044eb"
"False","2026-06-18T12:21:47Z","26","24","1","0x66704f10d531665b142ba700e93e3271f1bfc247"
"False","2026-06-18T22:27:47Z","25","24","1","0xb2b469ea887494492956f63b4be6406a1a89d508"
"False","2026-06-19T02:47:11Z","24","24","1","0x7a10c52a5eca04c94ade87e40861baf132a2c00f"
"False","2026-06-19T02:32:35Z","24","24","2","0x44affdf87abfb1dba08e444141bd21b4380fa35f"
"False","2026-06-19T02:13:59Z","24","24","1","0x8d36e6dbec93bbab8f55f282446b516d3135395c"
"False","2026-06-19T01:17:59Z","24","24","1","0xfcb94fc1c17d99363c44fd3268abb5fa86a1ba93"
"False","2026-06-19T00:10:59Z","24","24","1","0x4b1ce0cc3f512433043bff7bbe95fb482ae5c43d"
"False","2026-06-19T02:35:11Z","320","23","51","0x0051cc1d8bbf0b3373b02e22ea5a2fe483266cea"
"False","2026-06-19T02:42:11Z","310","23","1","0x322f7b5772838018807498c384e94eee843ca0cf"
"False","2026-06-18T20:24:47Z","190","23","105","0xb51bf9029d778899d42e96ebcdc0498bd061006d"
"False","2026-06-19T02:51:35Z","148","23","10","0x4745cd44fef98ac9166fb14d94b4bc53e7d75419"
"False","2026-06-19T02:07:23Z","66","23","17","0xc333e80ef2dec2805f239e3f1e810612d294f771"
"False","2026-06-19T02:44:47Z","58","23","17","0xb489743cc9213231b8edac1d955e9dc98e82080b"
"False","2026-06-19T00:43:47Z","55","23","1","0x434b16a964557ef58847e17290e768048bd7855f"
"False","2026-06-19T02:08:59Z","50","23","1","0xb515a5531769a609dcff8efa0c9d7249ff86f19e"
"False","2026-06-19T02:31:35Z","38","23","1","0x7078b0fde38cfd7b6c484faa512c4d5abe7329e0"
